Id,ORGANIZATION,NAME,GENDER,SPECIALITY,ADDRESS,CITY,STATE,ZIP,LAT,LON,ENCOUNTERS,PROCEDURES
33e757b5-d6be-3c76-9419-08223ad685a5,9a54e924-7d0f-35ed-8782-410dd3c65b33,Kristofer887 Heathcote539,M,GENERAL PRACTICE,218 N BROAD ST,TRENTON,NJ,086081306,40.22343134938335,-74.76432093053452,61,0
16dc27ab-6e78-3ad5-b4d4-40c75af11c65,f2d3b47e-40ba-3f7c-a5ac-43c9bcd42cc4,Wilson960 Douglas31,M,GENERAL PRACTICE,36 KRESSON RD,CHERRY HILL,NJ,080343227,39.89024365239098,-74.99880185198647,37,0
2c44a972-7655-3c0a-82cd-01d4bb879587,a41286d1-a378-3c90-91c9-c62210d1bdb4,Chantal971 Lehner980,F,GENERAL PRACTICE,300 BROADACRES DRIVE  SUITE 275,BRANCHBURG,NJ,088763374,40.5688245,-74.70027388974506,11,0
e7f038cc-fec5-3644-8474-ae53f499d983,0a685168-1eca-3009-aa31-960bcdd2fbf9,Norma469 Suárez24,F,GENERAL PRACTICE,1050 KINGS HWY N,RUNNEMEDE,NJ,080781901,39.8523358,-75.0679498,103,0
a7102999-b9c3-3f53-a060-cc14adefdc88,8d0a72e7-f450-3743-82e7-4ace095fd4fd,Cinderella355 Koelpin146,F,GENERAL PRACTICE,322 GLENWOOD AVE,BLOOMFIELD,NJ,070032413,40.779251,-74.21067149999999,4,0
8e780c60-7bc0-35d6-8183-e71e8e94f2b0,6e590c87-bf7f-3943-acbd-6a52bce441d0,Adolph80 Farrell962,M,GENERAL PRACTICE,3423 GUIDER AVE,WEST ORANGE,NJ,070522751,40.7987113,-74.2390353,41,0
883ef4c2-34bb-3f73-871f-982caffc0796,2e7dab03-4bec-346e-b6b5-8999b8b8086d,Eden920 Lebsack687,F,GENERAL PRACTICE,9225 KENNEDY BLVD STE D,NORTH BERGEN,NJ,070475361,40.810789523809525,-74.00363671428572,29,0
549c2d20-c693-3f32-93e2-f4065af2f0ea,179e01a8-474f-3407-8d29-a53e81f983a4,Jim478 Goyette777,M,GENERAL PRACTICE,495 N 13TH ST,NEWARK,NJ,071011317,40.77265225,-74.18666650221206,75,0
439a5977-195b-321e-b3d9-29a5d8dcb7cf,67c1b135-39af-3769-9dfc-3f94db476bf3,Renato359 Kertzmann286,M,GENERAL PRACTICE,963 ROUTE 9 NORTH,SOUTH AMBOY,NJ,08879,40.4821114,-74.2828828,2,0
a1eeed2c-1b27-389f-af76-c001694a05f6,770d282e-dcd3-3510-b7e5-a32ff20dd61e,Pamelia915 Kilback373,F,GENERAL PRACTICE,601 HAMILTON AVE,TRENTON,NJ,086291915,40.21623875,-74.74130282471253,45,0
3128982e-5536-319e-a6c7-0fcaa8941017,65b3c364-11f9-3011-90d5-8e10e13c8f26,Sharron285 Batz141,F,GENERAL PRACTICE,224 HAMBURG TURNPIKE,WAYNE,NJ,074702111,40.94735655,-74.20334527001557,35,0
e2d826bc-b52f-3ed6-a139-d9521373b5ef,db6bb5d7-e45f-3e16-a7b8-405657831146,Alva958 Ritchie586,M,GENERAL PRACTICE,405 CANDLEWOOD COMMONS,HOWELL,NJ,077312171,40.14689656947184,-74.22405183366212,3,0
77ba59d1-4fe6-3385-bee1-6790bb4383ef,c15ec754-c250-33ad-9c3f-fb48f2d5b79c,Allyson474 Robel940,F,GENERAL PRACTICE,10 STERLING DRIVE,PISCATAWAY,NJ,088544911,40.5462553,-74.4660408,2,0
87bc3fd1-b204-38cd-bdb9-c9d218287aaf,261bb359-2c2f-3709-b351-9f8bda52b105,Mayra756 Rodriguez71,F,GENERAL PRACTICE,175 BARTLEY ROAD,JACKSON,NJ,085271241,40.13682930676546,-74.2806442856107,5,0
e2487fdf-6f93-39e3-8c15-f078a23228b7,ed8a0b13-1715-3291-8710-00e506f9c423,Cherryl901 Hoppe518,F,GENERAL PRACTICE,1270 ROUTE 35,MIDDLETOWN,NJ,077482014,40.3942754,-74.117086,33,0
c695bc5f-5eea-373c-aec6-610c2efe642a,96e57de5-1914-3bd8-813b-fd9ea189260d,Giuseppe872 Witting912,M,GENERAL PRACTICE,266 S ORANGE AVE,NEWARK,NJ,071032457,40.739106939689094,-74.19554515316032,2,0
24b5eebf-878e-3ffc-a465-f28b023dfdc3,92ae413f-45ac-3ff8-a6a8-972794ea68b4,Sally227 Schuppe920,F,GENERAL PRACTICE,99 MULFORD RD,ANDOVER,NJ,078212600,41.045781,-74.701457,1,0
07b52222-d183-36ff-9ada-8025a8644144,608dd138-8a23-3c55-afa3-baf1cb3923f4,Santo387 Schuppe920,M,GENERAL PRACTICE,ONE CLARA MAASS DRIVE,BELLEVILLE,NJ,071093550,40.7937116,-74.1501438,84,0
57744d9e-96a2-316b-9f80-82a5a5f6fcd9,82751ebd-1937-3e07-967d-083e856be3c9,Erin498 Hand679,M,GENERAL PRACTICE,25 MAIN ST,SPARTA,NJ,078711937,41.03742967524359,-74.63506360315935,34,0
4fbe7f1d-3f6f-3249-8a55-02c4f4fe5cd4,966da8a3-0961-3a7d-8c2d-54858dd5a96c,Leanne251 Bednar518,F,GENERAL PRACTICE,1511 CLEMENTS BRIDGE RD,DEPTFORD,NJ,080963007,39.82980045,-75.10703771294949,7,0
ae0e9bdb-bf85-36f4-9536-9bbe741d0fb2,6d323b18-f251-395c-8b16-711095c7ab52,Chris95 Casper496,M,GENERAL PRACTICE,300 SECOND AVE,LAKEWOOD,NJ,087015237,40.092024,-74.21219645621468,130,0
4673ba39-0f76-30ef-8984-8f2712366eac,98ab860f-fbd9-31d6-82b6-f4d7fa48de66,Brianne669 Connelly992,F,GENERAL PRACTICE,1311 DURHAM AVE,SOUTH PLAINFIELD,NJ,070802309,40.54642967346939,-74.40957087755102,1,0
24fc79fa-6426-3a68-88a3-2bf9ee92cee0,c84a9407-4049-3107-9643-2b1168684091,Scottie437 Johnston597,M,GENERAL PRACTICE,1945 ROUTE 33,NEPTUNE,NJ,077534859,40.2239981,-74.0478216,240,0
62e4926d-a370-3a36-923e-07787b6cf4ca,44b84d83-4d02-39db-9289-0014a466ad82,Mitch821 Lowe577,M,GENERAL PRACTICE,616 WILLOW GROVE STREET,HACKETTSTOWN,NJ,078401779,40.861935692561616,-74.81328579186732,75,0
f809c3b9-fec3-3705-a879-419d84bdeb03,3ce0c72b-a313-37bb-8121-8f56c3ef492f,Yee761 Abshire638,F,GENERAL PRACTICE,509 N BROAD ST,WOODBURY,NJ,080961617,39.843682099999995,-75.1503959438927,3,0
0787f727-c7e9-368c-a918-6bae62cefadb,e61c5786-fc80-3b3e-826c-349833020af9,Johnathan55 Senger904,M,GENERAL PRACTICE,550 JESSUP ROAD,WEST DEPTFORD,NJ,080661921,39.83081803440063,-75.18264081167072,2,0
495901da-d78e-3034-967f-67091d850db2,8602c35b-1b8d-326c-9f68-da357aa6bba0,Jasper743 Champlin946,M,GENERAL PRACTICE,124 MAIN AVE FL 1,PASSAIC,NJ,070554427,41.0461864,-74.3177933,32,0
296a35f4-a047-3432-ac9f-b49b24e04d7f,e6fa657d-89c0-3aff-a539-a8791a5e4f7e,Stephen891 Berge125,M,GENERAL PRACTICE,6000 KENNEDY BLVD W,WEST NEW YORK,NJ,070931414,40.785261,-74.008363,16,0
cbe9dc33-98ff-3845-9520-0b667b5c7598,bed99a48-5cda-3e1a-9c94-f7825715ae86,Orville751 Will178,M,GENERAL PRACTICE,301 SPRING GARDEN RD,ANCORA,NJ,080379699,39.6818052,-74.86485535820827,27,0
4e33323d-2c37-3329-9bf8-2ad47c99c825,dd3d4c1f-8fdd-3952-8024-efc43796574b,Beverley336 Boyer713,F,GENERAL PRACTICE,1825 RTE 35,WALL TOWNSHIP,NJ,077193541,40.1743052,-74.0902219,3,0
964c0653-38ff-3908-9b7a-cb3e5b710999,c08bd10c-4db0-36ff-89f5-b3edb58de223,María842 Nieves278,F,GENERAL PRACTICE,651 WILLOW GROVE ST,HACKETTSTOWN,NJ,078404174,40.8618862,-74.81562810288221,165,0
609485e8-5e0f-35b8-867d-5d501fc29090,1d2015ca-7ebc-3a5c-837c-9194e462d635,José Luis472 Tejeda887,M,GENERAL PRACTICE,87 BURNETT AVE,MAPLEWOOD,NJ,070403094,40.72013848492587,-74.26058113106517,86,0
bb4f7e04-df15-3412-970b-e3d31f7c051c,854ec529-2397-3df1-b060-d01e91b26e18,Esteban536 Metz686,M,GENERAL PRACTICE,141 S BLACK HORSE PIKE STE 102,BLACKWOOD,NJ,080122958,39.80011,-75.065834,60,0
ed7a2200-d7bb-398d-b96d-4b15eb2d09f8,d1005c7a-65a4-3b92-90a4-f1b3e0f9deae,Margy712 Larkin917,F,GENERAL PRACTICE,7 CENTRE DR,MONROE,NJ,088311565,40.3415923208353,-74.4623016390729,27,0
e6080485-aab5-38bb-bb3e-b21b51db5cd2,4457bf4d-3b54-3210-ad93-377561243b5c,Trinity427 Hartmann983,F,GENERAL PRACTICE,115 CHRISTOPHER COLUMBUS DR,JERSEY CITY,NJ,073025526,40.71692106505017,-74.03363745535118,49,0
a7047d3b-68b4-3581-882c-09ac767691f9,1bfffd7d-d4f5-3a2c-881f-aa3263ce1f93,Vernita491 Cartwright189,F,GENERAL PRACTICE,111 CENTRAL AVE,WEST ORANGE,NJ,070525344,40.769777,-74.2435306,75,0
c7fe12e6-f803-3617-9cf9-2bee2b33f257,c151571a-fc4a-34ab-bae4-0953467e5700,Amina496 Denesik803,F,GENERAL PRACTICE,400 US HIGHWAY 130,EAST WINDSOR,NJ,085202792,40.2541556,-74.5560281,3,0
ebfe5483-aac9-3bc3-b9cc-70e2cb08066c,b4f0ff15-7fe8-3497-a2e2-97a623610d7e,Rolland302 Turcotte120,M,GENERAL PRACTICE,1401 ATLANTIC AVE,GALLOWAY,NJ,082059438,39.477599,-74.5777391,32,0
7385cfb0-0664-3178-abea-bc1110d9e37b,e9f0a7b2-47da-3d5f-82db-5e3a52e10231,Jude172 Brakus656,M,GENERAL PRACTICE,525 MONMOUTH STREET,JERSEY CITY,NJ,073021527,40.728205411764705,-74.04829764705882,8,0
cbdf1e22-5b47-3f0e-a792-4426d1c413e1,5038e708-c1d3-3d23-965f-0e33f495cdb5,Francis500 Witting912,M,GENERAL PRACTICE,972 SHOPPES BOULEVARD,NORTH BRUNSWICK,NJ,089022776,40.445601350000004,-74.48929600038443,4,0
191abd86-07d9-30fe-abdb-86a78da786d0,b11eecc7-ce5e-3c71-9d30-dcb3ca9a807d,Lloyd546 Wuckert783,M,GENERAL PRACTICE,218A SUNSET ROAD,WILLINGBORO,NJ,080461126,40.048413,-74.8843641,2,0
988eb771-bc2a-36e3-83f2-7334711da98c,4cbf1e7d-6b16-3434-a895-0c77a8a07270,Sid118 Hammes673,M,GENERAL PRACTICE,620 ROUTE 23,POMPTON PLAINS,NJ,074441468,40.9681536,-74.2957043,4,0
94292b4e-ca64-3a03-a35f-7867331d65a1,0b43457f-fa6a-32d7-8f37-e5aca29e2010,Brittanie254 Krajcik437,F,GENERAL PRACTICE,79 W. Landis Avenue,Vineland,NJ,08360,39.48669,-75.03702,89,0
b0ecdc1e-8c8c-31fd-963a-15af0aa7fd37,28aa5563-5f3d-335f-9265-cb957e4650a1,Jared66 Towne435,M,GENERAL PRACTICE,787 NORTHFIELD AVE,WEST ORANGE,NJ,070521131,40.769183000000005,-74.297147,9,0
39a9363a-2125-3cbc-b240-2e50145a7f6e,529be40c-9b02-3d10-97b9-fe8ba7da424a,Iola859 Rodriguez71,F,GENERAL PRACTICE,2090 STATE ROUTE 27,PERTH AMBOY,NJ,08861,40.5200187,-74.2745215,1,0
48c1f933-3cf7-3707-83ea-a0b6f1bff92c,07f3ee67-d514-3c2e-bf26-edfe58679840,Salvador46 Serna195,M,GENERAL PRACTICE,231 N MAIN ST,WEST WINDSOR,NJ,085501103,40.295093949999995,-74.62587457073727,1,0
ca2a1d5d-b984-3618-831f-9d7ef84b7d55,7815cf4e-9b9a-332d-bae6-cd3f92cd2478,Angela104 Stamm704,F,GENERAL PRACTICE,1990 ROUTE 18 NORTH,OLD BRIDGE,NJ,088573771,40.414071,-74.3042101,13,0
a55bbf96-1f1b-3a1b-9528-eabb78815f00,47b31268-4686-303f-872f-a791c21459bf,Omer483 Koepp521,M,GENERAL PRACTICE,308 WILLOW AVE,HOBOKEN,NJ,070303808,40.741482500000004,-74.03397040924716,99,0
14b28229-2ef3-3070-9c49-734f4ed526f4,6ed15dc1-3219-342c-893a-8a6689942981,Emory494 Schuster709,M,GENERAL PRACTICE,400 W BLACKWELL ST,RAHWAY,NJ,070652742,40.6081591,-74.2776468,33,0
283446ae-8538-32eb-af40-f8f9b2063ced,5a2441c3-0092-33cd-8879-a7f3a7f5b072,Anderson154 Hahn503,M,GENERAL PRACTICE,1133 MARLBORO RD,OLD BRIDGE,NJ,088574032,40.365729485011414,-74.31865556932574,2,0
62f40a67-64f0-3c9e-b7f1-0d7e80c51902,d0f60ea4-5c10-3f3c-bb0c-0177da95d39d,Jesenia223 Bednar518,F,GENERAL PRACTICE,610 WASHINGTON BLVD,JERSEY CITY,NJ,073101400,40.7302988,-74.0340433,32,0
f9dba41d-17b3-3d45-81d2-80bae9fefc13,135d3a8a-d033-3014-aed6-e991f277a603,Millicent213 Mertz280,F,GENERAL PRACTICE,686 ROUTE 70,LAKEHURST,NJ,087332853,40.014561,-74.3112574,57,0
bd5bf1b5-5811-3b5f-a324-64d3f47a6380,d0728949-fadb-3dd2-93b2-64ae0272d027,Bernie827 Borer986,M,GENERAL PRACTICE,61 WEST JIMMIE LEEDS ROAD,POMONA,NJ,082409102,39.4805376,-74.5667913,74,0
faa4ef6c-2411-3946-9b50-20c2cd05c8fd,06e7bfd0-526b-3def-ad10-a9f2e6c4b3b9,Claudine313 Cronin387,F,GENERAL PRACTICE,69 MAPLE RD,WEST MILFORD,NJ,074802707,41.06527553274952,-74.38828047625121,4,0
f0985260-0d0f-3c3c-8910-59f0f6bf71a6,6883f9ac-0731-32f9-b1ee-2c30a1d5c38f,Kimbra238 Runolfsdottir785,F,GENERAL PRACTICE,3722 E LANDIS AVE,VINELAND,NJ,083617926,39.482977879396984,-74.95684929648242,81,0
ba4801e2-37ec-395b-95f0-313bb3c40e51,edaf4bf7-7331-35b9-94ff-47743d04426f,Todd315 Abernathy524,M,GENERAL PRACTICE,870 EAST ROUTE 70,MARLTON,NJ,080535566,39.9005585,-74.93389105589023,12,0
8a000332-e379-3773-8143-a4d994895a45,f38270ff-e1eb-3106-99d6-5e606dcf1aa0,Paul232 Daugherty69,M,GENERAL PRACTICE,315 W MAIN ST,PISCATAWAY,NJ,088545201,40.5462553,-74.4660408,1,0
4a3ed0c0-96d8-38cb-8596-e1e67c634971,679f2478-63f0-33a4-adf9-5e69f323c305,Jeane173 White193,F,GENERAL PRACTICE,99 ROUTE 37 WEST,TOMS RIVER,NJ,087556423,39.9537359,-74.1979576,3,0
43243509-1ce2-3858-90ce-877bac02533f,387cb52d-4a02-3590-b3d7-9670352f348b,Clementine778 Jakubowski832,F,GENERAL PRACTICE,275 HOBART ST,PERTH AMBOY,NJ,088613396,40.50852928571428,-74.26952669387755,104,0
cd71416a-310f-34c3-b0c0-3a1d6e8bd9fe,050d3d71-1c50-3a95-930c-92476e396ba1,Rayford811 Bashirian201,M,GENERAL PRACTICE,308 WILLOW AVE,HOBOKEN,NJ,070303808,40.741482500000004,-74.03397040924716,109,0
53fc0ef6-9b7e-3b93-b6e0-3077caac9852,0f7c0db1-b02e-38be-a7fe-13073334f3f2,Stevie682 Stark857,M,GENERAL PRACTICE,1616C UNION VALLEY RD,WEST MILFORD,NJ,07480,41.11736,-74.383858,29,0
8300d632-0850-3b44-96db-e9d9338d8831,4202209a-3178-359d-b4bf-db997d18bd12,Kelly223 Konopelski743,M,GENERAL PRACTICE,1417 BRACE ROAD,CHERRY HILL,NJ,080343524,39.89226,-75.017549,15,0
589a2993-8ab9-36d9-ad72-7d1e6f458cfd,abd1f460-107e-3cc4-8bca-96cfc069c380,Connie24 Reichert620,F,GENERAL PRACTICE,15000 MIDLANTIC DRIVE,MAPLE SHADE,NJ,080521631,39.9526127,-74.9923915,17,0
d10f3769-519d-3a81-8750-9f8fa0b62200,5bd3e917-1162-34c5-a76a-d3a6d6def999,Desmond566 Schaefer657,M,GENERAL PRACTICE,6 SAND HILL RD,FLEMINGTON,NJ,08822,40.5130953,-74.8591333,3,0
6edda7b5-5c73-33bc-9fb2-7fa404d7743d,7f1e15d0-db0a-31f7-affa-e87a519b7c5b,Donovan745 Daugherty69,M,GENERAL PRACTICE,300 CENTRAL AVE,EAST ORANGE,NJ,070183313,40.75421325,-74.21340909745817,2,0
e9cd0d88-d3db-3615-b185-5547ce1d6fee,5e5ecaa8-55d7-3d23-946e-2947efb608a4,Wilhelmina724 Block661,F,GENERAL PRACTICE,1601 KINGS HWY N,TURNERSVILLE,NJ,080121752,39.766826,-75.06300404150056,19,0
78d3f201-e5d4-34c3-b403-9e1a2db901ce,35731c93-ff27-34e6-a9ff-033e69f224b1,Denver542 McDermott739,M,GENERAL PRACTICE,485 RIVER AVE,LAKEWOOD,NJ,087014720,40.07564718364624,-74.2172154284155,4,0
b2c46484-83df-3a32-8a06-55fb55825a45,e7d53d18-3450-3e69-8210-9c845b81bc63,Adela471 Menchaca276,F,GENERAL PRACTICE,523 FELLOWSHIP ROAD  SUITE 250,MOUNT LAUREL,NJ,080543414,39.93829122158635,-74.95598831687224,14,0
59f9959c-9a87-3d7b-9e94-bed72f1d558f,1e3c4bd6-809e-36bd-86b2-2b893bd1a685,Leland44 Bernier607,M,GENERAL PRACTICE,601 HAMILTON AVE,TRENTON,NJ,086291986,40.21623875,-74.74130282471253,144,0
621c161e-4b97-3575-9673-eb971b2cae06,53196d35-22f7-31e8-b241-f3ac00bfacf6,Leticia253 Bañuelos542,F,GENERAL PRACTICE,622 SOUTH LAUREL AVE,HAZLET,NJ,077302681,40.4233022,-74.14211835840624,1,0
ee2e48e3-8d0f-3ed8-9ee7-3521ef2902fc,d892fcf3-a4c0-33a8-bd95-1f7a388de78f,Son314 Hirthe744,F,GENERAL PRACTICE,1506 GULLY ROAD,WALL,NJ,077194443,40.1897748780581,-74.07725462020524,7,0
55c2fa1e-da7a-3711-a1a8-a13e2ded74ff,d3c96f12-fe63-3e07-af13-906ce0f46181,Jeannette562 Dare640,F,GENERAL PRACTICE,100 MADISON AVE,MORRISTOWN,NJ,079606136,40.789571,-74.46568457708935,91,0
0ca0b61d-73b4-393d-a520-6c27700d6878,1a160e0c-21b9-3cd0-87be-9a56b7edf81e,Robby860 Schuster709,M,GENERAL PRACTICE,400-406 WESTFIELD AVE,ELIZABETH,NJ,072081325,40.6661065,-74.2316416,98,0
b5b024e3-5747-32fd-a367-39f05291393a,7a8a56e2-ef3c-344d-b190-6209f2f5bda2,Gerry91 Davis923,M,GENERAL PRACTICE,1428 TEANECK RD,TEANECK,NJ,076665030,40.900514,-73.999767,1,0
5217cb52-8282-348b-9585-dbe44ea80276,29498c94-2aa3-3a03-b285-ae90fb59496c,Carlton317 Koch169,M,GENERAL PRACTICE,150 BERGEN ST,NEWARK,NJ,071032496,40.7405364,-74.19117585283874,2,0
874ce57a-d8dd-3a6f-a986-f88f92dbb04e,ba0034f0-5f63-3e47-a811-d861a5784693,Aja848 McKenzie376,F,GENERAL PRACTICE,1691 ROUTE 9,TOMS RIVER,NJ,087551245,39.9537359,-74.1979576,180,0
b8b46025-1201-375a-9217-69c7d118a74f,0de5c487-d9a1-3500-ae7c-8537ada25018,Raleigh478 Hauck852,M,GENERAL PRACTICE,359 13TH AVE,NEWARK,NJ,071032125,40.74212972727273,-74.19738536363636,23,0
48a00894-019f-3e71-b5a3-178f78afe002,0e37dcf0-7a25-3dcc-9e27-0cf1d3e9e34a,Duane703 Koelpin146,M,GENERAL PRACTICE,110 REHILL AVE,SOMERVILLE,NJ,088762519,40.568073549999994,-74.59495675107048,14,0
30e63a25-ad62-390c-92a6-5eefba5bff85,882e004f-c6c3-3696-8af3-121381cff706,Damian46 Breitenberg711,M,GENERAL PRACTICE,564 BROADWAY,BAYONNE,NJ,07002,40.666183636363634,-74.11621936363636,47,0
1c31e0b5-a49f-3ba0-a7fa-e10c3da69913,c77bdd7b-5716-3c4d-968d-f49f8256d848,Allyson474 Doyle959,F,GENERAL PRACTICE,15 CRANBERRY CT,JACKSON,NJ,085275165,40.08738889350542,-74.28916840977045,17,0
9ab44678-f016-3789-aa4c-b9aa84506cf4,34dbc448-2b54-3abd-ba20-730590754a75,Ollie731 Dooley940,M,GENERAL PRACTICE,654 BROADWAY,WOODLAND PARK,NJ,074242534,40.8893288,-74.1969657,63,0
566bbd17-0f5b-338d-8f75-7e9e612b6ab8,6ab98ea8-4d42-35fb-83aa-f376b2dd5e18,Emilia403 Carreón894,F,GENERAL PRACTICE,25 POCONO RD,SUSSEX,NJ,074612537,41.133372,-74.6930393,304,0
3de9d970-ab13-30e8-8f5e-a4934d68e115,22178efe-f5b0-33f1-a23f-fc8cc77d4d1d,Logan497 Fisher429,M,GENERAL PRACTICE,350 ENGLE ST,WOODLAND PARK,NJ,074243813,40.8893288,-74.1969657,28,0
041e724d-a314-3443-afea-9a3bf5d72aa8,ea14b4b4-37a2-3cce-96e2-3bfeae7359d0,María Teresa440 Tejada731,F,GENERAL PRACTICE,905 HERRONTOWN RD,PRINCETON,NJ,085407716,40.38834555,-74.6536673729132,7,0
ac36f808-24d4-358b-bd9d-3e81b1a4b989,d71619a7-c345-3889-be60-fec470a65254,Elbert916 Kuhlman484,M,GENERAL PRACTICE,627 BERLIN CROSS KEYS RD,SICKLERVILLE,NJ,080819562,39.7173375,-74.9693329,1,0
0cf3f543-f773-33d3-9704-909c0d8705e7,cd327c7b-1a33-3a5e-a0ab-3040f066ea71,Trey250 Wintheiser220,M,GENERAL PRACTICE,1135 MAIN AVE # 3,CLIFTON,NJ,070112353,40.8584328,-74.1637553,42,0
6f4030d4-532b-3628-b6c3-a68ed284ad1b,ca283c8a-93f3-3f42-a118-87a7a6d17968,Katia630 Parisian75,F,GENERAL PRACTICE,32 TENNYSON ST,CARTERET,NJ,070082330,40.585403285714285,-74.23020657142857,32,0
5667834d-403c-3da2-b9cf-1a4f00ee8765,09d1d4d9-8a37-3d48-a3b3-a3a3b954a053,Ignacio928 Pollich983,M,GENERAL PRACTICE,25 FIFTH AVENUE,HASKELL,NJ,074201099,41.0284304,-74.2959823,4,0
caa5e371-7c76-39af-afa5-ef6d71293ae4,9af1da6c-cf49-3536-91d2-1a426257d70c,Lesley194 Crooks415,F,GENERAL PRACTICE,99 SPARTA AVE,NEWTON,NJ,078605004,41.046071,-74.745876,3,0
cafc2703-2aa5-3d4d-8ac6-73d9000d5540,63c0504b-ff59-3a19-8c52-097bb17dcb8b,Floy720 Greenfelder433,F,GENERAL PRACTICE,59 KOCH AVE,MORRIS PLAINS,NJ,079504400,40.8388893,-74.5102538,91,0
7bc2c80b-093c-3d38-90cd-980fd1b93224,700eae50-2d27-3021-bf91-26ad2ec13222,Pearl430 Davis923,F,GENERAL PRACTICE,1700 N 10TH ST,MILLVILLE,NJ,083322042,39.41237404672194,-75.02559559628477,58,0
10ab9baf-b870-3443-a852-551eb8d5881b,61277221-09b3-357c-ad09-6200fcce3209,Armandina361 Jacobson885,F,GENERAL PRACTICE,54 SHARP ST,MILLVILLE,NJ,083322444,39.413793636363636,-75.04273372727273,2,0
5cc0ad0f-87b3-37aa-bac5-5a78c91c7547,4a76ea41-ae0b-3a0e-9d3b-ad0e2124933f,Vivian245 Keebler762,F,GENERAL PRACTICE,108 HILLSIDE BLVD,LAKEWOOD,NJ,087013148,40.08572132653061,-74.25375075510205,51,0
877f70dd-9806-34b6-8c1b-b24b60118049,fbeaa3b4-52b0-3a6a-9547-8a0a8b9a77a0,Laci507 O'Keefe54,F,GENERAL PRACTICE,1700 MYRTLE AVENUE,PLAINFIELD,NJ,070631000,40.599492,-74.45548,6,0
b9f9badf-fb12-3a1f-8792-b76f5ebefec3,9d298a5c-16d0-3d0f-9c09-07bbed3024b7,Jamie386 Lowe577,M,GENERAL PRACTICE,10 VREELAND DR,SKILLMAN,NJ,085582620,40.4201055,-74.7146049,15,0
4591d614-8674-3a68-a139-93fc8318595d,80cac7c1-5ba8-3cb2-b553-c8d6736a3ca0,Latoria810 Eichmann909,F,GENERAL PRACTICE,650 RANCOCAS RD,WESTAMPTON,NJ,080605613,40.01109173923121,-74.87292126130053,6,0
be496d3f-7072-3cf3-b5c9-95bce221f411,a2a2fab5-a29b-3ef5-8ee5-cdee62c667fa,Imogene688 Braun514,F,GENERAL PRACTICE,137 S BROADWAY,SOUTH AMBOY,NJ,088793413,40.4821114,-74.2828828,50,0
ceeace54-8708-3306-8fc6-5c4ba2344af3,02430357-c020-3acb-8dc1-eb1996fd8d84,Luther918 Jakubowski832,M,GENERAL PRACTICE,1 RIVERVIEW PLZ,SHREWSBURY,NJ,070024183,40.3295547,-74.0615285,112,0
9d83eb05-0380-3b42-961f-74df8836ccee,5ea7656a-47d0-335e-a5bf-fe295f9663ab,Noelle559 Padberg411,F,GENERAL PRACTICE,1945 ROUTE 33,NEPTUNE CITY,NJ,077534488,40.2001133,-74.0279152,68,0
83439e8d-56fd-389c-90f8-85d78d15ddc3,9573c74d-55f3-3935-b2cc-cf419e57e7ff,Moshe758 Bartoletti50,M,GENERAL PRACTICE,2070 SPRINGDALE ROAD,CHERRY HILL,NJ,080032043,39.916952550000005,-74.96544427743169,49,0
991e3e61-7633-3757-a998-a7bf06d5f81a,9b242301-c5d6-345f-bc1f-23365743558d,María José279 Rodríquez611,F,GENERAL PRACTICE,14 HOSPITAL DRIVE,TOMS RIVER,NJ,087556402,39.96241365,-74.21743478154575,142,0
b854c1fb-e5bf-3046-90c8-f27c405a9539,5f0b2444-9603-3f29-bcb1-064c3bbefe23,Deja232 Ratke343,F,GENERAL PRACTICE,595 COUNTY AVE BLDG 10,SECAUCUS,NJ,070942605,40.7899291,-74.0566735,119,0
1e2a2bc0-aae8-3ced-8d31-1945588219ab,3a875c2d-13de-3916-bb8f-a0db839d4693,Lamont867 Kerluke267,M,GENERAL PRACTICE,220 HAMBURG TPKE STE 18B,WAYNE,NJ,074702132,40.9463363,-74.2025077,51,0
0486b11e-3dc6-3717-91c7-b49903a06ece,db325c0e-9a30-39eb-b61c-8e995b331c1b,Latrina689 White193,F,GENERAL PRACTICE,3461 ROUTE 22,BRANCHBURG,NJ,08876,40.5688245,-74.70027388974506,201,0
8913d720-de27-3187-bc93-005dea71e663,f4d72c95-2096-3096-a66f-5f65514347d0,Ramiro608 Valenzuela371,M,GENERAL PRACTICE,266 KING GEORGE RD,WARREN,NJ,070595186,40.642394254748325,-74.51581565065685,20,0
ee2d4164-7227-32bf-82a0-52c909c8a8f6,65027b13-fd2c-3536-8059-59dbe780e8c7,Emerita401 Satterfield305,F,GENERAL PRACTICE,1072 GRAND CONCOURSE,COLUMBIA,NJ,078322324,40.9262077,-75.0926763,157,0
0e4b4b5e-66eb-3733-b2e6-820c8e436381,73129226-4845-3675-a5c8-929dbc3a3af4,Theo630 Rohan584,M,GENERAL PRACTICE,1600 HADDON AVENUE,CAMDEN,NJ,081033101,39.9269412,-75.09687825717933,411,0
e7418321-402c-3e53-9f91-240a48784ada,fefe7086-62de-3261-9081-a404fa2b8271,Madeline975 Friesen796,F,GENERAL PRACTICE,530 NEW BRUNSWICK AVE,PERTH AMBOY,NJ,088613654,40.5190522,-74.28098296277375,290,0
99d8c8a6-5ca4-331e-80ec-a4b7d81f3849,d4c45134-96e8-3d22-b78e-53c2d6199e1f,Nikia872 Williamson769,F,GENERAL PRACTICE,495 NORTH 13TH STREET,NEWARK,NJ,071071317,40.77265225,-74.18666650221206,4,0
70354f9c-f360-3995-a737-ceff0f7679fc,06e97e9b-4fd7-3d0d-bd16-7ffd18b6eafe,Telma919 Powlowski563,F,GENERAL PRACTICE,540 STRAIGHT ST STE 2B,PATERSON,NJ,075033240,40.90569586363637,-74.16647668181818,1,0
bf511154-b6fc-385a-a88f-b5ab740ebfc7,57630fd1-d150-3c51-8c89-a55a9d0bd069,Maude482 Veum823,F,GENERAL PRACTICE,1810 ENGLISHTOWN RD,OLD BRIDGE,NJ,088573938,40.359621,-74.354189,55,0
967a9818-8150-328d-b9c0-6022be465b6a,adb8067a-525b-351e-b350-d0b72b5e7a04,Elisha578 Schneider199,M,GENERAL PRACTICE,460 HADDON AVE,COLLINGSWOOD,NJ,081081336,39.9228894,-75.0867372,1,0
1cf6eb9a-9e90-3660-bfb5-6197f1c57c77,ae6f7689-9c02-384c-b0c3-d2b3229c9aca,Louis204 Hauck852,M,GENERAL PRACTICE,509 N BROAD ST,WOODBURY,NJ,080961694,39.843682099999995,-75.1503959438927,40,0
04efa9c7-250b-3a49-8b5e-69f33d6fc704,d1c2c302-3b97-3db7-8667-fc5d124cd60e,Shiloh191 Larson43,F,GENERAL PRACTICE,ONE ROBERT WOOD JOHNSON PLACE,PARLIN,NJ,088591401,40.4628177,-74.3105018,279,0
3759ea38-70bf-3cf7-9d0b-9275f307ba17,44c97b82-b7d7-35b8-a3f2-7bb3ce2b1b1f,Janine159 Gulgowski816,F,GENERAL PRACTICE,117 STATE ROUTE 35,EATONTOWN,NJ,077241885,40.2962222,-74.0509725,49,0
2897e967-bfda-31f0-a9e1-b6f86edb3d07,dec4ea69-d0fc-352c-ab37-fe04c385e389,Isiah14 Mills423,M,GENERAL PRACTICE,315 EAST LINDSLEY ROAD,CEDAR GROVE,NJ,070091152,40.871744,-74.22492957142858,9,0
ad019dca-8bf6-3988-97b4-c10ca165625f,4cd1e44f-58e7-3a63-928c-78ac0a062cd0,Asa127 Schmidt332,M,GENERAL PRACTICE,3505 BERGEN TPKE,NORTH BERGEN,NJ,070472303,40.77659508,-74.03245828,1,0
c8f4adb7-1fdb-38f7-b345-f3f53a0fa05d,7e8d717d-5c8b-3e4c-9998-f6bc45c5280d,Tamar361 Stehr398,F,GENERAL PRACTICE,480 PARKWAY DRIVE,EAST ORANGE,NJ,070174029,40.7678595,-74.2048108,5,0
20d1ff75-3de5-31ba-a945-7b3cfb8db1cc,756ddf72-a48b-31ab-9a54-81734ea230dd,Junior695 Kuhlman484,M,GENERAL PRACTICE,425 WOODBURY TURNERSVILLE RD,BLACKWOOD,NJ,080122960,39.802382,-75.091742,186,0
ea28c791-a746-3bde-b32e-0c1ea62b1bdb,e7bef61b-7b29-328b-a19e-dce233aac2c4,Jerrod232 Wintheiser220,M,GENERAL PRACTICE,9020 WALL STREET,NORTH BERGEN,NJ,070470611,40.8038468,-73.9964192,5,0
7a3450d6-9471-3bea-b39d-1e725cdb9ebb,68ec4e65-4183-3f7a-aaab-2c3fbd3c6fbd,Myrle831 D'Amore443,F,GENERAL PRACTICE,1050 KINGS HWY N,CHERRY HILL,NJ,080341909,39.913893,-75.010231,1,0
2b3a122a-c23b-3c97-a6cc-50a18692018c,215604a8-f8be-3023-add7-9ab05336faf8,Kandice471 Rodriguez71,F,GENERAL PRACTICE,400 BROADACRES DRIVE  1ST FLOOR,BLOOMFIELD,NJ,070033156,40.838263494258086,-74.18368189573832,3,0
80e7b7c0-65fd-35a7-a5fa-842bef3e1c07,28873a04-aba4-374c-8e74-a52ebd360643,Alena861 Rolfson709,F,GENERAL PRACTICE,333 COMMERCE ST STE 700,NEPTUNE,NJ,077532645,40.2239981,-74.0478216,67,0
23de0e2f-1327-39be-8574-347bf542139d,29587527-deef-322b-bc91-34f85b31067a,Emilia403 Reilly981,F,GENERAL PRACTICE,21 POCONO ROAD,DENVILLE,NJ,078342954,40.89444177315525,-74.46496065048461,11,0
661c68b7-dd28-3098-92ee-9be135fde6d3,7951ea44-1353-312f-b2c5-3b72e95b3d70,Elmo857 MacGyver246,M,GENERAL PRACTICE,ROUTE 1 AND 18,NEW BRUNSWICK,NJ,089011578,40.4862174,-74.4518173,2,0
8e83f38b-d54c-352f-97bb-eb27c6e4487a,834b6912-b850-39a2-b58f-72bf051857f2,Rodger755 Wilderman619,M,GENERAL PRACTICE,105 COLLEGE ROAD EAST  2ND FLOOR,PRINCETON JUNCTION,NJ,085501100,40.321632,-74.61949414153017,11,0
91184816-be04-3e73-93af-763164841663,a725b563-d6eb-3c42-b930-0abb1ee8943f,Gordon377 Marvin195,M,GENERAL PRACTICE,540 W HANOVER AVE,MORRIS PLAINS,NJ,079502152,40.824105,-74.491452,1,0
51d8ab59-fdba-3f01-bee6-a63cee16fedd,3e94377a-d5aa-3592-b312-6db6825cf497,Yoshiko258 Keeling57,F,GENERAL PRACTICE,185 TUCKERTON ROAD,MEDFORD,NJ,080558803,39.81887864857187,-74.74114769840195,4,0
a68e49b2-e4d3-34fd-90ba-b00e683b4712,1dcb727f-786a-3b0c-86e9-b5e1ddfa9a30,Charles364 Rempel203,M,GENERAL PRACTICE,718 TEANECK ROAD,TEANECK,NJ,076664245,40.8828834,-74.01018965639452,2,0
2cda4539-3ab9-3bbd-81e2-6444ef692fee,96793fbb-aac4-33a3-b0ad-b71ed6571769,Korey682 Schumm995,M,GENERAL PRACTICE,43 N WHITE HORSE PIKE,HAMMONTON,NJ,080371875,39.649111947368425,-74.79094242105263,10,0
3cbbf740-1e18-3837-97fd-104baf15e359,eb96aa6a-310e-3ff6-93eb-1053ae4810cc,Nolan344 Gottlieb798,M,GENERAL PRACTICE,1090 KING GEORGES POST ROAD #703,EDISON,NJ,088373722,40.538457,-74.39450186737218,1,0
a29267ba-e08b-3ed5-8d68-38ba16faf771,b84b31c5-8240-3b86-9b28-e97becd71f90,Ramón841 Mesa630,M,GENERAL PRACTICE,1116 43RD STREET,NORTH BERGEN,NJ,070472712,40.77978510848391,-74.0266974952284,8,0
a6e62160-3084-3d9f-ac17-082304d7042c,7759ba47-90e0-37bb-87d0-26be4a366f0a,Ted955 Reilly981,M,GENERAL PRACTICE,43 NEW SCOTLAND AVE,TEANECK,NJ,076664637,40.8860164,-74.0072568,28,0
e808ccd4-7292-3051-b0f3-006177ce813f,025dd580-6869-3c46-8d96-335ea909884c,Eleni953 Franecki195,F,GENERAL PRACTICE,201 LYONS AVE,NEWARK,NJ,071122027,40.71027275,-74.21258456503452,37,0
c331f346-7e80-3b53-92c1-0cd88a4a3da1,e4dbb5d3-d431-32fc-9c15-f90f678e8d1c,Claudio955 Muñiz642,M,GENERAL PRACTICE,105 COLLEGE ROAD EAST  2ND FLOOR,PRINCETON JUNCTION,NJ,085501100,40.321632,-74.61949414153017,1,0
569d7c57-d2a5-3a3f-af2b-05a4f8be4bc6,bcdd4bbc-78f1-3a14-a92d-31ffb0f8e226,Shanita956 Schultz619,F,GENERAL PRACTICE,237 ROOSEVELT AVE,CARTERET,NJ,070083533,40.576081,-74.217543,53,0
590899a0-e76a-3dc6-a5ce-84757fff0968,30327aee-83c5-3ae9-b950-fbd45c3a9cad,Harlan808 Langosh790,M,GENERAL PRACTICE,99 BEAUVOIR AVENUE,WESTFIELD,NJ,070901491,40.6589912,-74.3473717,3,0
e6bc6c61-cf1f-3426-9c26-2d7c8206c003,0083c103-2db9-3fc7-bb24-a6228082d657,Alison204 Bailey598,F,GENERAL PRACTICE,395 LAKESIDE BLVD,BAYVILLE,NJ,087212807,39.893791,-74.1951454,2,0
17f54a53-a42b-37e9-83fb-33f63a39b73d,ae68c6a2-a5c3-356c-bd98-f7685ace05fe,Jadwiga271 Bayer639,F,GENERAL PRACTICE,2 DEERPARK DR,MONMOUTH JUNCTION,NJ,088521919,40.384022200000004,-74.53308403231352,1,0
922813a0-a199-33d9-85f7-899d85679c2d,922a1448-71bd-336e-abd1-2f53ce5ba5ff,Gary33 Schulist381,M,GENERAL PRACTICE,31 STATE ROUTE 23 NORTH,HAMBURG,NJ,074191434,41.1534294,-74.5762713,53,0
73d60bc4-c17f-34ea-ad25-08f351883e40,2210db46-9381-3c14-ae74-911646c3d320,Logan497 Marquardt819,M,GENERAL PRACTICE,596 ANDERSON AVE,CLIFFSIDE PARK,NJ,070101856,40.824437333333336,-73.988398,3,0
98170f8a-fb35-3e40-99d8-041fa01e59c1,2273f1de-d7d5-3566-aa11-bd8401e3aba9,Mariana775 Escobedo608,F,GENERAL PRACTICE,355 GRAND STREET,JERSEY CITY,NJ,073072326,40.715256800000006,-74.05082388286417,84,0
ab1d118a-a97f-3e12-aae9-eeb106936da7,a9f5c070-55af-34bf-823c-63a3e65add93,María Eugenia578 Estrada938,F,GENERAL PRACTICE,727 N BEERS ST,HOLMDEL,NJ,077331515,40.4065996,-74.19177793875335,51,0
6023a3c3-ec13-307c-b4b6-ac04f1793ba6,7f10cbf2-d3b2-3404-b090-08b83787adc0,Maybelle917 Lockman863,F,GENERAL PRACTICE,3 PLAZA DRIVE,TOMS RIVER,NJ,087573764,39.969877499999996,-74.245094,32,0
7ed59ccd-1330-395d-b2eb-79e6f9823683,3b5c4bd1-0840-361e-9d80-4ab97243b02d,Janey243 Schoen8,F,GENERAL PRACTICE,33 RIVERVIEW DR,WAYNE,NJ,074703101,40.9140034,-74.2418191,33,0
db13e21a-9866-314e-ae8d-b61effd52773,78b9acdb-bfa5-34f5-8e33-dbc42fd6c39e,Marleen824 Ziemann98,F,GENERAL PRACTICE,1210 ROUTE 130 N STE 1438,WOODBURY,NJ,080963337,39.8381691,-75.1526774,41,0
f41a611f-751c-341c-b2dd-e270744a807c,17983a0c-872a-3365-a1cf-f0dc379dc5b7,Gabriella773 Larkin917,F,GENERAL PRACTICE,155 FORTIETH STREET,IRVINGTON,NJ,071111184,40.7323235,-74.2348684,39,0
dcc5cd01-d885-3880-9a4b-fbd166a0d244,782e1df1-5f1b-31a5-90b1-770e65099724,Hunter736 Lesch175,M,GENERAL PRACTICE,65 HIGHLAND AVE,PEAPACK,NJ,079770339,40.709817,-74.649147,35,0
90aebb49-787a-300e-9dcf-a216b2986892,369246d8-6074-3984-bd38-6c801555ae13,Josue598 Flatley871,M,GENERAL PRACTICE,84 E BROAD ST,PENNINGTON,NJ,085343605,40.3281213,-74.7909992,9,0
bb540e6e-e2ad-346f-b149-e009e7eb7a70,ca527bd9-2702-36a7-9722-983e5d120b1b,Tanner110 Roob72,M,GENERAL PRACTICE,181 HIGH ST,SPARTA,NJ,078713560,41.0401567,-74.6310081,30,0
5c7328a2-8210-3356-b76a-21073698769e,0c1f3345-a3ca-3291-af07-963d6d518966,Khalilah870 Dare640,F,GENERAL PRACTICE,855 SOMERSET AVE,LAKEWOOD,NJ,087012127,40.10008799979701,-74.19533942207178,55,0
bbe554f1-bc7c-3cf5-bb32-f4c88b211891,c97056b4-e955-36c6-bae0-1e4cf8a1c521,Ronna740 Crooks415,F,GENERAL PRACTICE,630 SALEM AVE,THOROFARE,NJ,080869354,39.8462592,-75.1882365,41,0
4376e6aa-8aa3-32a8-bcc8-575511df09e4,ad46d0ce-3898-3a12-b955-572c89878fb2,Clair921 Schmitt836,M,GENERAL PRACTICE,180 TICES LN,EAST BRUNSWICK,NJ,088161337,40.4535871,-74.4228903,61,0
ddf8f111-da7d-33c4-bd3b-c837c2bc235e,790f7f6f-a861-3039-a452-2fa791aed985,Marcus77 Schamberger479,M,GENERAL PRACTICE,671 HOES LANE WEST,PISCATAWAY,NJ,088551392,40.525630899999996,-74.47041587247483,379,0
fe9cdb29-f687-3a69-acf4-746221d27937,0fd38868-87df-3bdb-8053-8954c8c90cda,Lyman173 Kshlerin58,M,GENERAL PRACTICE,1 BRACE RD,CHERRY HILL,NJ,080342600,39.912878,-75.010103,9,0
d7e6f0ee-8653-3c5b-a301-c249459750e5,113ec10d-62a0-3049-a9dc-dc408e6ea525,Alysia661 Bogan287,F,GENERAL PRACTICE,39 EAST MOUNTAIN ROAD,HILLSBOROUGH,NJ,088443369,40.5063353,-74.68940486582324,2,0
62359650-b194-3288-aadf-8c4850706bdc,bdd8170e-4e4b-3189-a931-644152adac06,Matthew562 Boyer713,M,GENERAL PRACTICE,200 FRENCHTOWN RD,MILFORD,NJ,08848,40.563532,-75.08823,33,0
9f878cf7-6c4c-3c14-babd-52869988589d,f488bfdd-9df8-303f-b261-3ab51cf5afe8,Filiberto722 Keebler762,M,GENERAL PRACTICE,3807 BERGENLINE AVE,UNION CITY,NJ,070874860,40.775409979591835,-74.0267930612245,4,0
979e9a59-9247-31db-be67-8d3bcf124ea3,43ded528-919b-3859-8c30-cd9984cf5785,Kari181 Trantow673,F,GENERAL PRACTICE,860 S WHITE HORSE PIKE,HAMMONTON,NJ,080372018,39.6460326,-74.7863008,28,0
88acc47c-7166-3022-abd8-10851190f626,2b5c527e-3240-3b51-a93b-b0295f928f97,Sulema841 Ryan260,F,GENERAL PRACTICE,254 EASTON AVE,SOMERSET,NJ,088731900,40.516216,-74.489206,66,0
2870c1cf-8016-359b-b538-a79607418a1e,5465b343-9481-3abc-8bd5-73965cb33583,Conchita9 Altamirano540,F,GENERAL PRACTICE,204 GROVE AVE,CEDAR GROVE,NJ,070091436,40.84222148053772,-74.2403221350321,276,0
55bfdc7b-7777-31fb-a746-f7fd2ea0a545,c6f0ce51-cef9-34b2-bdb4-e0012e9ac092,Kati243 Ruecker817,F,GENERAL PRACTICE,99 RT 37 WEST,WHITING,NJ,087592985,39.9545613,-74.3784815,713,0
8ae71185-0d5e-3225-849d-942462776e08,584f5994-24b9-33e8-91d3-718e90dc7b80,Cody889 Ratke343,F,GENERAL PRACTICE,211 County House Road,Sewell,NJ,08080,39.778458,-75.102425,821,0
18ee82f6-5d90-385a-982d-312e87e29455,344a64da-d960-3f08-b684-579a7bf03c1d,Clay913 Roberts511,M,GENERAL PRACTICE,1301 MAIN ST,ASBURY PARK,NJ,077125359,40.225791,-74.009963,12,0
b731eb13-5f81-3c29-8091-fa4c396438a8,9d5111a7-1977-37b5-a42b-831039729f77,Trey250 Satterfield305,M,GENERAL PRACTICE,1265 PATERSON PLANK RD FL 1,SECAUCUS,NJ,070942944,40.7899291,-74.0566735,1,0
fc316757-efb6-36e2-bb75-28f1a4cfec02,06219ddc-2ef4-3b5b-9d33-607075baeeb4,Neal874 Bogisich202,M,GENERAL PRACTICE,599 CRANBURY ROAD,EAST BRUNSWICK,NJ,088164029,40.40886666666667,-74.420936,9,0
dbde1082-c0f8-3141-b7ce-f76d3ed770b8,b90e4b22-737d-33aa-a494-44119209ecce,Renaldo199 Huels583,M,GENERAL PRACTICE,6TH AND ERIE ST,CAMDEN,NJ,081021707,39.9448402,-75.1198911,49,0
4230464d-bec8-307b-a9f6-954bf03a27bb,cdd354cd-542e-39a0-92f5-c9dc0e066ffc,Aubrey96 Emard19,M,GENERAL PRACTICE,3542 RTE 27,N BRUNSWICK,NJ,089021380,40.445601350000004,-74.48929600038443,30,0
cc517792-a266-3ddc-a835-b568a4ec7553,d996c1f5-d32b-32e5-863e-1319bea64286,Randa356 Carter549,F,GENERAL PRACTICE,261 CONNECTICUT DRIVE  SUITE 1,TOMS RIVER,NJ,087538345,39.9537359,-74.1979576,6,0
f56653b6-92ad-3804-9895-57b755e0e73e,07ed99d0-ca77-3242-9b12-4135fbe815d5,James276 Smitham825,M,GENERAL PRACTICE,10 MAIN ST,NEW EGYPT,NJ,085331400,40.0676704,-74.5330926,48,0
439b49f2-7a17-3b47-8934-904a3ae489fc,1a635c78-c420-3421-be19-b9f8479ff9ea,Edmundo94 Eichmann909,M,GENERAL PRACTICE,100 MAIN STREET,KEANSBURG,NJ,077341725,40.448374,-74.129228,1,0
20cae423-0d7f-3bd9-8b84-04f8c264c406,29cb0ffc-1420-3e49-ad92-19f4ed3d8947,Bennie663 Abbott774,M,GENERAL PRACTICE,350 BOULEVARD FL 5,PASSAIC,NJ,070552840,41.0461864,-74.3177933,89,0
0b66c163-af21-33c7-b5b1-aff4d32c8261,78bdbfa7-5f4e-3996-9335-8425b4cf2a0c,Jed345 Wilkinson796,M,GENERAL PRACTICE,299 GRAND STREET,JERSEY CITY,NJ,073024317,40.716169550000004,-74.04744389999999,10,0
1e3cedf3-3c49-31b8-b3ce-86b835a411b7,139b031d-0cf7-321b-b382-3cbf817a53c2,Sonny285 Witting912,M,GENERAL PRACTICE,6550 DELILAH RD,TOMS RIVER,NJ,087554811,39.9537359,-74.1979576,1,0
3e00a60a-42b1-3768-b6c8-baddb26ce845,66b45f73-286e-339c-9844-865b55485d53,Juan Carlos348 Nieves278,M,GENERAL PRACTICE,1099 TARGEE ST,UNION,NJ,070835025,40.6652251,-74.3045277,27,0
76a2794d-48ba-3d34-aa77-4003b232ecd8,0c54c197-73e2-3ffb-a54c-a04a8755dc98,Rosy219 Sawayn19,F,GENERAL PRACTICE,1425 POMPTON AVE,CEDAR GROVE,NJ,070091043,40.87895863421426,-74.24136625248458,43,0
6934611a-9ffc-3340-a74e-0cb9e42da8e8,451bc10b-8892-3405-b874-c91f6a42c61a,Ayana300 Langosh790,F,GENERAL PRACTICE,568 ROUTE 10 W,WHIPPANY,NJ,079811516,40.8245442,-74.4170972,86,0
cdab798a-b5ae-3ece-adad-6373561592f3,bf18b3b5-40ce-3df7-a453-b29e7a00783d,Carisa395 Kutch271,F,GENERAL PRACTICE,901 W MAIN ST,MONROE,NJ,088315347,40.8128777,-74.4423759,479,0
007314de-37a4-3115-8254-68c46f740ee5,6904f54f-2370-3c11-bca0-9a6bd4e338e7,Ignacio928 Escamilla823,M,GENERAL PRACTICE,1148-1150 SPRINGFIELD AVENUE,IRVINGTON,NJ,071112441,40.7269363,-74.2262774,15,0
10fcb317-d566-3ccd-9b2a-09c9800c383d,143e3594-bd2b-3f52-bfdb-7aa344dc8a62,Laverne101 Schumm995,F,GENERAL PRACTICE,255 WEST SPRING VALLEY AVE,MAYWOOD,NJ,076071445,40.902599,-74.0618074,12,0
cd5eb06f-c7bf-337a-a35c-42dafd30e2ba,4ef271e2-d694-3731-b261-222879efe489,Cody889 Boyer713,F,GENERAL PRACTICE,1777 LAWRENCE STREET,RAHWAY,NJ,070655111,40.60884760049291,-74.2697163176175,2,0
d0cb5f86-0178-3bad-8859-5db513255b21,e29c51e3-7cc5-3748-b6de-1fb03537743f,Parthenia862 Dickens475,F,GENERAL PRACTICE,120 LEFANTE WAY  SOUTH COVE COMMONS SHOPPING CTR,BAYONNE,NJ,070025060,40.6687141,-74.1143091,7,0
6937f9d6-335b-3e62-89e1-2579ba7faf2b,1bb74f77-5a8b-36c1-9505-061156dda4f9,Paz9 Gerlach374,F,GENERAL PRACTICE,425 JACK MARTIN BLVD,BRICK,NJ,087247732,40.07664815,-74.13303869304423,15,0
9fbbd463-4564-33cd-9042-18f4442d73d3,85d28194-dcae-3daa-897a-4b0ee86aa7d6,Chance908 Aufderhar910,M,GENERAL PRACTICE,94 OLD SHORT HILLS ROAD,WESTFIELD,NJ,070902426,40.6589912,-74.3473717,15,0
a6c208bd-9223-3f4e-8abe-fd0421094be0,1809d91f-5487-3740-8dc7-3204ab6b6118,Marth98 Mayer370,F,GENERAL PRACTICE,92 BRICK ROAD,MARLTON,NJ,080532177,39.8815954,-74.9180487,148,0
cd92ac4f-751c-393f-8992-16069b226822,282533a7-dda6-307f-8a73-98ffafd1d1ea,Julio255 Bins636,M,GENERAL PRACTICE,731 HIGHWAY 35,SOMERSET,NJ,088733529,40.5675084,-74.6189556,1,0
e496431e-3a03-36fc-8f27-986a7b94eb21,fadd89a7-ad28-32c9-b729-39cda6fa98fc,Jon665 Daugherty69,F,GENERAL PRACTICE,169 ROUTE 206,CHESTER,NJ,07930,40.78029503219988,-74.70998180707687,28,0
a8a6bf0d-ec4d-335a-afcf-8bf276d102dd,eecded10-4e3c-3af3-978b-182fac610578,Sebastian508 Rowe323,M,GENERAL PRACTICE,461 RIVER RD,EDGEWATER,NJ,070201145,40.8131036647419,-73.98558512531785,3,0
dcb063a0-9827-3f6a-a293-48f7781bb7a4,e63c16bf-b75c-39ec-8ace-f408f2aeb024,Parker433 Bailey598,M,GENERAL PRACTICE,40 WATCHUNG WAY,BERKELEY HEIGHTS,NJ,079222600,40.664990149999994,-74.42157360247566,22,0
48b9191e-9ba5-3c23-8864-2640360324e1,6d964a8c-71a2-3f79-9fe6-04e970d9361d,Mozell819 Prohaska837,F,GENERAL PRACTICE,308 WILLOW AVE,HOBOKEN,NJ,070303808,40.741482500000004,-74.03397040924716,17,0
1010a449-82a2-3bdd-8fc1-0d0e4530910d,4b317781-99e4-3d0a-a463-754080cd50c9,Caroll955 Rowe323,F,GENERAL PRACTICE,350 ROUTE 46,ROCKAWAY,NJ,078663827,40.9012101,-74.5143232,39,0
32060b79-ed0e-335b-ac0b-89af60acfa7b,170bb5c2-aa29-3f51-ad2f-32066766603a,Annmarie79 Barton704,F,GENERAL PRACTICE,100 CAMPUS TOWN CIR,NEW BRUNSWICK,NJ,089012036,40.4862174,-74.4518173,2,0
3382e38b-eaa8-3045-b2af-367b676c7c81,e37bb0ff-762c-3be7-94d1-3a4a4365761d,Joaquín233 Rodrígez614,M,GENERAL PRACTICE,185 ROSEBERRY ST,WASHINGTON,NJ,078821714,40.7584326,-74.9793378,374,0
10fd6cda-38be-3699-ad49-8787c28b95e2,21e82960-77ad-3396-b755-5237630e6956,Christie481 Roberts511,F,GENERAL PRACTICE,130 SPEEDWELL AVE,MORRIS PLAINS,NJ,079502315,40.819219,-74.482046,3,0
311a3882-a358-3e74-b5c7-8a55bd6cca09,dc1299b6-8b14-3825-b948-158161c4c2a4,Eveline832 Jerde200,F,GENERAL PRACTICE,12 PROSPECT ST,BLOOMFIELD,NJ,070033211,40.78381666666667,-74.20470833333334,48,0
e2c9b89d-c332-3fc7-8054-9770d18406f3,a9965846-c8f0-35a1-8361-ab46d62d82e3,Phuong301 Wisozk929,F,GENERAL PRACTICE,41 RITTENHOUSE DR,WILLINGBORO,NJ,080462548,40.036592338512136,-74.90987107380803,37,0
8b470d24-2018-3867-b3e5-b7bac34a427d,6b1ae6e9-c770-3d2b-8ca3-f9ee28fd9cd9,Lynn917 Cassin499,F,GENERAL PRACTICE,1 PLAINSBORO RD,PLAINSBORO,NJ,085361913,40.3394583,-74.6235806600452,218,0
2dd10fe7-031b-3abf-88ee-ec8dd022c152,e7de9d19-fdca-3622-8cd5-a94aec9fc727,Patricio639 Lucero848,M,GENERAL PRACTICE,246 18TH AVE,NEWARK,NJ,071082316,40.7293418,-74.19199,25,0
8c9916a3-c8af-3b0b-ae75-f23fa324d356,9ba3c543-f5c4-3b61-ae1a-8e4c2389853b,Armando772 Suárez24,M,GENERAL PRACTICE,225 NEWTONS CORNER RD,HOWELL,NJ,077318818,40.12506647372408,-74.14390251278748,23,0
62d5b643-e9e7-3e98-a9a6-a6ef008605b2,1475a670-0b2a-37fb-82ee-101af725f3c2,Mireya881 Gerhold939,F,GENERAL PRACTICE,100 OLD MARLTON PIKE W,MARLTON,NJ,080532026,39.892389,-74.9283762,51,0
6d4ce7da-ff6b-38f8-8729-c43e623f2f5e,58f6985d-a6de-3ebf-a2f5-cb023337301b,Manuela585 Rippin620,F,GENERAL PRACTICE,2605 SHORE RD,NORTHFIELD,NJ,082252136,39.35944357142857,-74.55869997959185,1,0
a1e8d731-2625-301f-b619-a78cb83baaf2,bf038d3d-9ee4-3689-9f58-849c3afd4d54,Jim478 Boyer713,M,GENERAL PRACTICE,1059 EDINBURG ROAD,HAMILTON,NJ,086901229,40.2494006,-74.65718586268662,3,0
0a51a406-0de4-3993-aced-65a4cc592ecd,57ca3352-0c79-337f-affb-e342ec77dbd7,Dudley365 Pfannerstill264,M,GENERAL PRACTICE,1105 - 1115 LINDEN ST,CAMDEN,NJ,081021029,39.9448402,-75.1198911,1,0
3ad18781-085d-3936-8495-d86c469ad7cd,b6a17f47-db27-30af-adae-e8b1ca9bde36,Temeka297 Huels583,F,GENERAL PRACTICE,21 MAIN STREET  SUITE 253,HACKENSACK,NJ,076017086,40.87902755,-74.04665722844994,3,0
19d5294f-abdf-33fb-8934-c19023c5cecb,5fa19855-5c6d-3486-a422-1ea466a55f0b,Ambrose149 Feeney44,M,GENERAL PRACTICE,2001 ROUTE 70 E,SICKLERVILLE,NJ,080814355,39.7173375,-74.9693329,24,0
9d430d67-cc22-3cf3-8318-8f155b6d33eb,5925629b-ef59-3de4-871c-e6fc48f41143,Myrtice99 Willms744,F,GENERAL PRACTICE,1601 HADDON AVE,CAMDEN,NJ,081033109,39.92846933333333,-75.09783266666668,34,0
adf54e84-5140-3497-a889-eed7056209ba,ec535cea-7a74-39b7-ba5f-a8ae06daa9c5,Randy380 Bergstrom287,F,GENERAL PRACTICE,175 MADISON AVE,MT. HOLLY,NJ,080602038,39.9858107,-74.79464828292171,51,0
130e428f-a6be-397f-8e98-5e58f4bf844d,406ad50c-87df-3032-b96b-3b89a07e2758,Charley358 Zboncak558,M,GENERAL PRACTICE,3718 CHURCH RD,MT.LAUREL,NJ,080541104,39.93015829563383,-74.97740812518698,2,0
1fdec60d-e315-3c04-b1a5-53a650781b4e,14265a66-101e-3b94-9668-92136d516a45,Jared66 Prosacco716,M,GENERAL PRACTICE,3906 CHURCH ROAD,VOORHEES,NJ,080433803,39.8512162,-74.9619779,9,0
a9131b64-05dd-3aed-9533-1df75d0fe543,82fb7328-ee92-3485-9070-535b5a5b647d,Annalee788 Pfeffer420,F,GENERAL PRACTICE,75 OLD TOMS RIVER RD,BRICK,NJ,087237800,40.02734423342123,-74.1597303349812,1,0
94859966-379f-30a1-9209-2f7f00bc7675,2772c4ce-441b-366a-a65a-f6943e508dba,Cherish740 Toy286,F,GENERAL PRACTICE,101 LUDLOW STREET,NEWARK,NJ,071141108,40.69176875757576,-74.20512727272727,108,0
ef72195d-2d27-3b38-89cb-bf29de21db92,194c050b-ae57-373e-8181-652bf4724166,Althea11 Ankunding277,F,GENERAL PRACTICE,925 US HIGHWAY 202,NESHANIC STATION,NJ,088533503,40.5081594,-74.7301613,66,0
940246e4-f6df-3ddb-a324-d9288891d065,30c7d02c-b4d1-3e85-b932-bde5879f01cf,Haywood675 Strosin214,M,GENERAL PRACTICE,40 WATCHUNG WAY,BERKELEY HEIGHTS,NJ,079222600,40.664990149999994,-74.42157360247566,80,0
8400b80a-f808-3b9d-b70f-e6fcf8fed86d,1a1a70c4-9544-3a6d-884d-d929bde69f5d,Fredrick998 Harvey63,M,GENERAL PRACTICE,256 COLUMBIA TPKE STE 105,LIVINGSTON,NJ,070391619,40.7704153,-74.3502723,53,0
fc81fcf0-7c4e-3cb3-a6b1-1a9f82b3fdd2,04bc7f0c-9702-3088-bcec-4ea99c04597c,Kory651 Trantow673,M,GENERAL PRACTICE,70 SOUTH ORANGE AVENUE  SUITE 210,WAYNE,NJ,07470,40.9491723,-74.2376802,8,0
153fd2a9-b6a6-3ec7-9ba0-ef12d5e718aa,feb8d379-e0ce-3503-b37d-f59fed1541cf,Cindie288 Zulauf375,F,GENERAL PRACTICE,96 PARKWAY,ROCHELLE PARK,NJ,076624200,40.8980032,-74.07582760000001,2,0
080ad3b7-7fb3-359d-8353-af3ac561ed60,b136f6d4-43c1-3bbb-854a-67c6e0292e9e,Malia984 Gutkowski940,F,GENERAL PRACTICE,36 HILTON ST,BELLEVILLE,NJ,071091902,40.80810885416667,-74.16530635416666,33,0
88953af6-c8e6-3e01-8e14-2986a2ef0ff3,ee7b5a83-7b5a-3339-91b4-1168ef4b66fb,Jude172 Reynolds644,M,GENERAL PRACTICE,600 PEMBERTON BROWNS MILLS RD,PEMBERTON,NJ,080681537,39.9720138,-74.6828841,42,0
2330929b-d401-378d-b218-49f100d06914,028c148f-8fc8-3509-a541-b250ac3414c6,Agustin437 Wehner319,M,GENERAL PRACTICE,300 HOLLINSHEAD SPRING RD,SKILLMAN,NJ,085582028,40.4201055,-74.7146049,1,0
fca2d7a4-589f-3cc7-a1e5-94202cee222d,59c610a3-24b3-3390-8557-a154efd4ee0a,Azalee124 Smitham825,F,GENERAL PRACTICE,415 W SAINT GEORGES AVE,WATCHUNG,NJ,070696507,40.6378801,-74.4509863,3,0
ca2cb992-634c-3645-8379-4c17770b1a68,bf98d175-439f-3783-8845-d828f6cc9738,Dane516 Crona259,M,GENERAL PRACTICE,90 MIDLAND BLVD,SOUTH ORANGE,NJ,070791761,40.7474966,-74.2635376,29,0
777dc43f-dc03-3c97-97eb-76ae9ae69b8a,1e04d260-9ec0-3fc7-a73f-c61d1991e0a0,Elena945 Lozada73,F,GENERAL PRACTICE,1676 N OLDEN AVE,HAMILTON,NJ,086901700,40.2070573,-74.0812506,32,0
5f8595a6-a980-384a-8030-b7cc81c13039,23985839-7ab1-3ced-a6bb-b6982541cad5,Federico589 Schumm995,M,GENERAL PRACTICE,415 AVENEL ST,AVENEL,NJ,070011147,40.58145207692308,-74.28740707692307,1,0
6d8c0737-7133-3218-9a75-c89def5e703f,cc98a01e-9234-3691-a5cf-4d30d6c1a54d,Madge238 Williamson769,F,GENERAL PRACTICE,61 W JIMMIE LEEDS ROAD,POMONA,NJ,082409102,39.4805376,-74.5667913,1,0
2288bf0a-8af6-3861-9fc8-b24fe88a9dbe,c5aec3a5-a6b8-38f2-a313-27c4b4f58767,Reynaldo722 Farrell962,M,GENERAL PRACTICE,99 E MAIN ST,MARLTON,NJ,080532122,39.8877768,-74.9112011,1,0
de6eaafb-c0d5-378f-807c-92a665cd15d7,4f1e93d6-7aa6-3a16-b67f-6bb5d88f6b08,Laurena366 Anderson154,F,GENERAL PRACTICE,7600 RIVER RD,NORTH BERGEN,NJ,070476526,40.79397715,-73.99587571399397,448,0
27e6be5b-baf6-3bfb-a760-be04f093e2c3,8183ff8f-f7d3-3654-acf7-448b86fc5bc4,Nola814 Hoppe518,F,GENERAL PRACTICE,1 LINDBERG AVE,PERTH AMBOY,NJ,088611841,40.5200187,-74.2745215,1,0
41a7fe34-7f0c-321c-9821-37b8e9e04ecc,c777f3f5-a5f7-3363-b651-d97472c5bad5,Barrett790 Wolf938,M,GENERAL PRACTICE,2100 WESCOTT DR,WHITEHOUSE STATION,NJ,088893696,40.61538,-74.7704409,28,0
1935d972-fecd-3418-a1e3-e9c429148d09,d7924cba-de7c-316c-b36c-59c3128f2918,Edwina60 Gerhold939,F,GENERAL PRACTICE,2100 WESCOTT DR,RARITAN,NJ,088691929,40.53132745,-74.8613531757357,1,0
4980068e-3284-3d33-a28a-f9a6011f17b8,d3ebb54d-518c-34b5-873b-2a4633371616,Milly429 Abernathy524,F,GENERAL PRACTICE,50 LACEY ROAD,WHITING,NJ,087592951,39.94979437644649,-74.36844926407836,17,0
ecffe586-21f5-348f-92d5-b1b3716cd815,4091cfeb-8608-399d-b394-160dc6918b36,Mathilde204 Wintheiser220,F,GENERAL PRACTICE,EIGHTH STREET AND CARL MILLER BOULEVARD,CAMDEN,NJ,081032282,39.9448402,-75.1198911,13,0
02bf8b12-59c8-3c5e-902f-d851ced8e554,ee1cb9d3-5daa-3dc4-835c-2d9b4e9d18bb,Ricky354 Renner328,M,GENERAL PRACTICE,137 ATLANTIC CITY BLVD,BEACHWOOD,NJ,087222935,39.942326,-74.192745,97,0
b8ed2c12-ffa1-3f4a-bf8b-8a72e726f0bb,d6f4a00f-5cf5-3173-bba8-41279ddcaaf8,Fabian647 Greenholt190,M,GENERAL PRACTICE,25 E LINDSLEY RD,CEDAR  GROVE,NJ,070091023,40.87535216395722,-74.23962234711229,1,0
d4d73fb7-4eb5-3cc4-a881-d68f23f652fb,2e5738d2-90f7-330c-b37f-4c33739ff2e4,Keira502 Koelpin146,F,GENERAL PRACTICE,1210 BRACE RD,CHERRY HILL,NJ,080343213,39.9036968125,-75.012809875,105,0
47e9f876-9205-3c36-8a47-ea276410ebf0,c79e86d7-b3bf-3239-8839-0b2b0541248f,Clyde817 Konopelski743,F,GENERAL PRACTICE,140 BERGEN ST,NEWARK,NJ,071032425,40.73997347619048,-74.19254185714286,47,0
4ae7b167-aa3a-3fed-a8bc-2841f9406a0a,90b02cae-a11e-3ed0-8a24-e1187d405018,Deloris888 Lockman863,F,GENERAL PRACTICE,3002 ESSEX ROAD,TINTON FALLS,NJ,077537758,40.2372259,-74.083804,4,0
48b0240d-9895-3ca7-9795-857d7bbb53a2,2c7d4679-6e68-3693-b449-8db14f8ad0c8,Adalberto916 Brown30,M,GENERAL PRACTICE,1445 ROUTE 130,NORTH BRUNSWICK,NJ,089023100,40.445601350000004,-74.48929600038443,28,0
464bee93-4607-39f1-a720-65e389df9b11,9b91f432-0465-3123-a605-f80cd76528b9,Sallie654 Jast432,F,GENERAL PRACTICE,200 SOMERSET ST,WARREN,NJ,070595120,40.666494,-75.158716,56,0
e2cb2e60-4dfc-3697-a174-7778e4475f4e,540b2d18-46a9-3a7c-a665-f83a7389938e,Emilio417 Barton704,M,GENERAL PRACTICE,175 HIGH ST,STANHOPE,NJ,078743128,40.9024265,-74.7078603,50,0
2cb76791-7647-3ec3-9c9d-2103320dae17,135f7993-0029-3a77-a4ab-b7ebc9a64ce8,Tyson541 Kertzmann286,M,GENERAL PRACTICE,139 GRANT AVE,EATONTOWN,NJ,077241306,40.292164,-74.064214,1,0
0c85ae55-54fb-3b56-b412-92c575932e6d,1c061cab-ae3b-3d99-91e0-1440a8114c9e,Delois358 Langosh790,F,GENERAL PRACTICE,99 BEAUVOIR AVE,SUMMIT,NJ,079013533,40.71255325,-74.35350045181144,160,0
f36459e8-50a8-3579-8e97-26a813b5d3ac,60747093-558d-39b7-8839-aa3f82720398,Carlene772 Nolan344,F,GENERAL PRACTICE,110 WEST END AVENUE,SOMERVILLE,NJ,088761824,40.570245,-74.618449,1,0
63e2bb91-2148-3141-bed0-909d44ac0f4b,76eb1745-c6ea-397d-893a-dd64da750d70,Earleen680 Jones311,F,GENERAL PRACTICE,62 RICHMOND AVENUE,LUMBERTON,NJ,080481632,39.98609494736842,-74.80013799999999,3,0
a19a02d5-48ca-398d-9870-747bdee552d1,a57b47ab-e6a1-3253-8723-3d65a60e34e0,Bonita405 Boyer713,F,GENERAL PRACTICE,174 EDISON RD,LAKE HOPATCONG,NJ,078492217,40.904011,-74.665452,8,0
08a58eaf-af56-3ab4-99cf-46fa979b0f1b,577e1768-3a9e-3968-87de-ff2fcb72738f,Jeane173 Harber290,F,GENERAL PRACTICE,442 S BROADWAY,CAMDEN,NJ,081054426,39.888284997675676,-75.1204036760478,28,0
444b7833-ec73-3da3-ba72-38b8f062c731,97bdb253-b5b4-3ce4-ada6-7fa04354f6af,Corazon138 Bogan287,F,GENERAL PRACTICE,505 RARITAN AVE,PISCATAWAY,NJ,088543910,40.5462553,-74.4660408,58,0
75abd2d2-9481-36c4-9a18-5383b8dfe29e,fd95a956-795e-3e39-ba96-562d91c3a4c3,Robbie31 Windler79,M,GENERAL PRACTICE,97 WEST PARKWAY,WEST MILFORD,NJ,07480,41.1312069,-74.3673748,1025,0
c5c3ada1-459e-34c0-9c5e-dcf064475d5c,befbad48-d597-3f5a-bc49-a620a0002c82,Andrew29 Miller503,F,GENERAL PRACTICE,103 PLEASANT VALLEY WAY,WEST ORANGE,NJ,070522905,40.8211927,-74.2538275,1,0
32a7631c-096c-319b-ae5e-aa28ee55419b,e90640db-f734-38bc-ad7a-ec2687e8b0b9,Margrett284 Davis923,F,GENERAL PRACTICE,218A SUNSET ROAD,WILLINGBORO,NJ,080461110,40.048413,-74.8843641,23,0
f9000013-0847-3217-8d17-31ce43de48a8,543aa2c4-e430-3101-b130-03a28b9c98d6,Mariana775 Alemán808,F,GENERAL PRACTICE,4 ATNO AVENUE,MORRISTOWN,NJ,079603802,40.7989266,-74.4851528,40,0
204006b3-de94-3744-babe-a87c4da8ca36,3582bb17-cc58-3248-9f32-a610bb5c61d5,Elayne206 Denesik803,F,GENERAL PRACTICE,1237 W SHERMAN AVENUE,VINELAND,NJ,083606920,39.44505255,-75.05264940321544,248,0
6d3e826b-93f5-31ed-b280-a891935e76fd,9a5fa3c6-2ad5-361b-857a-63edd1f04ac9,Royce974 Hackett68,M,GENERAL PRACTICE,250 BLOOMFIELD AVE,BLOOMFIELD,NJ,070035689,40.78353943643944,-74.19246394884176,1,0
0b153db0-457c-35bc-914e-ddfe0d7eef5e,c92d8901-0207-3762-9936-98cee7d664ab,Raphael767 Thompson596,M,GENERAL PRACTICE,1820 VAN BUREN STREET,CAMDEN,NJ,081042282,39.916214,-75.1150007,10,0
46bd53a3-a8f9-3003-9ea1-430aee6e5324,c558d6ec-e1f0-398f-abda-9e4f7f16049d,Shon148 Reinger292,M,GENERAL PRACTICE,350 BOULEVARD,PASSAIC,NJ,070552840,40.85946920000001,-74.13798568347374,50,0
c7bcf523-703b-34b2-9b88-ea162c55e1dd,7e93a7fc-7364-3071-85e9-31ab51e3d9ed,Inell560 Lebsack687,F,GENERAL PRACTICE,220 SAINT MARYS DR,CHERRY HILL,NJ,080032574,39.884501442879035,-74.96577778175384,1,0
fb75823b-4493-31c0-8851-38e41ef4fd32,b4496d04-fee9-3e76-bcfe-a5656151f4aa,Graham902 Mayert710,M,GENERAL PRACTICE,64 BENTWOOD DR,LUMBERTON,NJ,080485043,39.9659459,-74.8051628,46,0
4d05a434-e6f2-34b7-b91a-1aeeaa2ed9e7,f172f658-4a15-32c2-b770-0c439d44dfc3,Alan320 West559,M,GENERAL PRACTICE,242 OLD NEW BRUNSWICK ROAD  SUITE 140,PISCATAWAY,NJ,088543999,40.553791281172586,-74.4741864656688,39,0
9c2159ef-8a9e-3fe8-830f-bc7411648230,d27e8c6f-c2f2-34d7-8705-5ba287f786d9,Lindsay928 Leffler128,M,GENERAL PRACTICE,754 STATE ROUTE 18,EAST BRUNSWICK,NJ,088164909,40.413764,-74.367542,45,0
64c539c4-bcb9-3907-866a-6d126a5c27b7,c6319ad7-ec08-3bbc-bb94-07e05630ea67,Julio255 Rico947,M,GENERAL PRACTICE,300 MEADOW LAKES,HIGHTSTOWN,NJ,085204804,40.269559,-74.5232454,7,0
e8ff42c5-f1e6-3379-9e86-070a0e4ac024,d4ab472f-643c-33d3-a3ab-b08995e80fa0,Thomasena108 Gutmann970,F,GENERAL PRACTICE,5301 BROADWAY,WEST NEW YORK,NJ,070932622,40.782409,-74.014413,4,0
fed301af-38ed-3f2d-baa0-c5b797a414e6,73857182-af01-3895-ae81-589ccc11f2f4,Tuyet839 Braun514,F,GENERAL PRACTICE,178 198 OGDEN AVENUE,JERSEY CITY,NJ,073071348,40.7380423,-74.0470719,1,0
c8aa6086-189c-3ad2-819e-5f8572f80c93,b4864921-f654-365e-b4ff-594f72c215d4,Elvira561 Raya927,F,GENERAL PRACTICE,95 OLD SHORT HILLS RD,WHITING,NJ,087592985,39.9545613,-74.3784815,43,0
ed257eb1-f3cf-3ac6-9f1a-b2496ced5dab,27157b66-fb40-30ca-86e5-6e052dbbf114,María Eugenia578 Godoy454,F,GENERAL PRACTICE,655 E JERSEY ST,ELIZABETH,NJ,072061259,40.65916705,-74.19760871165136,137,0
705dad64-4e62-3126-bcfc-995c6dbff8a8,95a62995-cc34-383a-8cfd-c65655a7cb7d,Ester635 Reyes140,F,GENERAL PRACTICE,813 FERRY AVENUE,CAMDEN,NJ,081041824,39.92042408163265,-75.11196120408164,10,0
cd0fcd11-036d-31aa-990e-bbc7644d6846,1a1ca95e-8206-3c79-92ee-f21e0fd901ee,Artie871 Hodkiewicz467,F,GENERAL PRACTICE,3840 QUAKERBRIDGE RD STE 100,HAMILTON,NJ,086191003,40.26585388057526,-74.67395529885704,57,0
24340074-f956-3acd-843f-838bc2258e60,e4161da0-3ecd-3354-b412-5331f735e960,Akiko835 Hodkiewicz467,F,GENERAL PRACTICE,870 PALISADE AVE STE 205,TEANECK,NJ,076663445,40.8897617,-74.0173824,46,0
ab750587-9cfa-39be-8d67-395bd6d5f969,ee47f476-4e8c-3c1d-9128-4b661c85d37c,Alissa315 Braun514,F,GENERAL PRACTICE,600 LINCOLN PARK EAST,CRANFORD,NJ,070163125,40.6523928,-74.2998398,3,0
cfa98bba-839d-3ddc-9c1a-03fd15a43fa9,83fbe56d-9e63-33a1-ada3-6fab0e32264a,Cathleen724 Howe413,F,GENERAL PRACTICE,18 W LAUREL ROAD,STRATFORD,NJ,080841718,39.8228524,-75.0127333,3,0
02a9eb45-12b2-35dd-bc9c-30670b9ea0f6,0e2b9298-c716-3fa2-bf18-e82dbc0c1d3c,Warren653 O'Keefe54,M,GENERAL PRACTICE,30 PROSPECT AVE,TEANECK,NJ,076666842,40.8860164,-74.0072568,6,0
7a063963-3291-3ecd-93c3-0300d119c137,01d66515-3479-3511-8ced-5958c8a40ecb,Adelaide981 Leuschke194,F,GENERAL PRACTICE,2100 WESCOTT DRIVE,FLEMINGTON,NJ,088224603,40.53132745,-74.8613531757357,7,0
962926f0-fb84-3a0c-8fbb-517a5b0fbdec,53e111b4-97c5-3e88-a3e5-315c38032759,Dustin31 Mayert710,M,GENERAL PRACTICE,2624 HIGHWAY 516,OLD BRIDGE,NJ,088572306,40.414071,-74.3042101,8,0
7aa6b45a-6b0b-3ea6-a752-85786d31192c,2393cab8-aebc-3cc2-bf4c-cffd3ba5bb36,Kai187 Mann644,F,GENERAL PRACTICE,130 POWERVILLE RD,BOONTON TOWNSHIP,NJ,070058705,40.9102033,-74.42558514070022,117,0
7ea5874f-64ad-3d5f-9b5b-e07bce844bd6,2525383e-fbc7-30d0-9b12-6f5b783c3ba2,Jessie665 Pagac496,M,GENERAL PRACTICE,100 BOWMAN DRIVE,WEST DEPTFORD,NJ,080862557,39.833384,-75.175173,304,0
0ef731cf-42b4-3098-b907-2ac0a97d3c18,def2960d-893a-335e-a353-09b77da262a4,Jacquiline133 Davis923,F,GENERAL PRACTICE,2740 ROUTE 10 WEST,MORRIS PLAINS,NJ,079501265,40.8364845,-74.47818854051508,34,0
c41e728b-9689-3599-aac9-3cb6220b61e5,6ea87fba-111f-3265-a039-0c8470d14c6b,Pablo44 Crooks415,M,GENERAL PRACTICE,596 ANDERSON AVE STE 305,CLIFFSIDE PARK,NJ,070101888,40.824437333333336,-73.988398,14,0
6c464170-8282-39e8-88a2-f3d4d63e67f6,490ac3e6-931a-3e9b-9d0c-9a9ce9d633e0,Augusta206 Bogan287,F,GENERAL PRACTICE,1770 TOBIAS AVE,MANCHESTER,NJ,087595803,40.015178668248375,-74.30143137914335,1,0
e530312e-35dd-3fa3-aeb9-483dbeeddb7e,d4fe6ceb-dffa-3e9b-88ee-bf303418cdd5,Randa356 Ritchie586,F,GENERAL PRACTICE,92 BRICK ROAD,MARLTON,NJ,080532177,39.8815954,-74.9180487,402,0
becafea1-8490-3e18-9f22-5fd5940b6d71,7cb25e36-0f9c-33c2-8795-dac5509dbcc1,Aurore252 Herzog843,F,GENERAL PRACTICE,3000 KENNEDY BLVD,JERSEY CITY,NJ,073063817,40.7359194,-74.0628182,31,0
f0a1fc53-d36e-3eb2-8433-6946fec33873,4385f033-d73b-37c8-9eca-7c06eb75ed71,Maurice742 Pollich983,M,GENERAL PRACTICE,1459 SONOMA CT,TOMS RIVER,NJ,087532983,39.99739142434549,-74.20022165124495,62,0
78712ace-0926-3acf-835c-5ce8584982e5,7227aed9-de66-3e61-9486-756b4ecc275c,Carmine137 Schinner682,M,GENERAL PRACTICE,255 STATE RT 3 STE 104E,SECAUCUS,NJ,070943857,40.7899291,-74.0566735,88,0
8880b825-0e6b-30e2-8255-2193b1e0b8a5,0ca1805e-850d-380e-84f0-8f79e3057732,Jay242 Schmidt332,M,GENERAL PRACTICE,1579 OLD FREEHOLD ROAD,TOMS RIVER,NJ,087552173,40.00617,-74.202071,7,0
cb192fb8-263b-3347-99e4-a36656f2bf09,4f61c949-afca-373e-a490-fcc114def2bc,Robert854 Klein929,M,GENERAL PRACTICE,5 GREENTREE CTR STE 104525,STIRLING,NJ,079801346,40.6747257,-74.4933902,33,0
bcd9a3ae-c738-3b45-ae6e-a064e94d1d59,cdbd1c55-cbd3-3f70-a4b3-8829f66e11f3,Patsy569 Olson653,F,GENERAL PRACTICE,904 OAK TREE AVE STE J,SOUTH PLAINFIELD,NJ,070805132,40.5792701,-74.4115401,38,0
7f369091-7a52-3b6b-80a3-ebdb63e984f1,5d8fe163-0ba6-3e8e-95cc-34e8055bebfe,Sharron285 Okuneva707,F,GENERAL PRACTICE,462 NEW RD,MONMOUTH JUNCTION,NJ,088522653,40.36589441174769,-74.54577460379083,60,0
74f13784-e987-347f-a992-c1654fa3882f,761b2dab-7096-3a90-a1b0-8214b9c6905c,Mertie42 Orn563,F,GENERAL PRACTICE,80 MAIN STREET  SECOND FLOOR  SUITE 300,WEST ORANGE,NJ,070525439,40.77968038461538,-74.23805309615385,4,0
d6e44cb1-a387-345a-a533-ff3abef33144,3652ac40-f56e-3f2d-885f-97db6645cc8a,Belva820 Miller503,F,GENERAL PRACTICE,1 LEISURE COURT,FLEMINGTON,NJ,088225724,40.5130953,-74.8591333,1,0
9d56c681-ca96-3128-87a3-e258668acf08,75957bb5-b900-39ce-ae69-f9b5c7237d69,Lynwood354 Tromp100,M,GENERAL PRACTICE,300 CENTRAL AVE,EAST ORANGE,NJ,070183313,40.75421325,-74.21340909745817,7,0
18e4ed88-6e89-327e-b8b4-e573e2deed04,6d361ce1-296a-3127-8a85-5da05b9ff06a,Miguel815 Roberts511,M,GENERAL PRACTICE,29 EAST 29TH ST,BAYONNE,NJ,070024654,40.6681519,-74.11265102028678,41,0
43ec25e6-44ed-38f7-917f-8a7e9da5917e,c36b758f-b755-352d-99d3-cdd3fb576dbe,Cruz300 Pagac496,M,GENERAL PRACTICE,350 BOULEVARD,PASSAIC,NJ,070552840,40.85946920000001,-74.13798568347374,62,0
31c8474a-9c68-3033-a51f-322dace8ae2f,e2b1e1ce-3cf5-35fb-8b5d-f438af0846d0,Eleanore671 Erdman779,F,GENERAL PRACTICE,500 INTERNATIONAL DRIVE  SUITE 333,BUDD LAKE,NJ,078281374,40.87389,-74.73827737964814,14,0
1c614246-b60f-3a4c-848c-f23dd5e67464,26852e14-7faa-3522-9b8d-0f065b1344ea,Jude172 Bergstrom287,M,GENERAL PRACTICE,3185 RT. 27,FRANKLIN PARK,NJ,088231313,40.4358887,-74.5415469,1,0
ba8bfb93-8892-3165-bce8-b90f075656de,bd9cf29c-0958-3077-833b-448e84d71c47,Jacques50 Quigley282,M,GENERAL PRACTICE,1 HAMILTON HEALTH PL,ROBBINSVILLE,NJ,086914219,40.223825250000004,-74.58928428901505,202,0
633c5ffe-8f41-348f-b06a-b13e7882e2a0,8ed9f30a-ef68-36f7-8ff3-3b3c5249d3f4,Leif534 Hane680,M,GENERAL PRACTICE,1505 W SHERMAN AVE,VINELAND,NJ,083607059,39.44441055,-75.05858277448098,14,0
37b3225a-69ae-3ed0-ac44-9a6cf3e8c91b,6a6fbce7-f137-36ea-a74c-bf6963ef9619,Dovie983 Welch179,F,GENERAL PRACTICE,444 NEPTUNE BLVD,NEPTUNE,NJ,077534144,40.218605350000004,-74.03547473570768,33,0
e70f9f63-4853-3708-8b1c-7d3ea109c4d8,464c370b-ed5d-378d-b9d4-7b8cfcd971c9,Erwin847 Trantow673,M,GENERAL PRACTICE,426 ROUTE 515,VERNON,NJ,074623027,41.1984287,-74.4832132,166,0
ac4a1a85-9b17-3333-a690-c55e0345fbaf,c3be759b-1cd5-3a43-a7b2-5062a02b83b1,Marry53 Schiller186,F,GENERAL PRACTICE,3540 KENNEDY BLVD,JERSEY CITY,NJ,073073450,40.7520571159007,-74.05314011156892,2,0
710ffffd-8fa1-3802-afdb-84124dfcb908,079b6a1a-96fb-3a71-abcf-a6a0fbbac155,Alexis664 Pacocha935,M,GENERAL PRACTICE,198 OLD BERGEN RD,JERSEY CITY,NJ,073052622,40.696069,-74.093462,2,0
05ad0ab3-b572-351c-acaf-167db5c74bb0,1620a910-8efc-3791-98ec-c68e68c98b1f,Ilda728 Labadie908,F,GENERAL PRACTICE,129 MORRIS TURNPIKE,NEWTON,NJ,078604913,41.0582103,-74.7530943,13,0
77136aa3-3df6-3227-9eb7-7cb1811ecd4c,e97a0d53-0bba-3360-a7d1-e55b5c14c7a6,Tonita173 Swaniawski813,F,GENERAL PRACTICE,972 SHOPPES BOULEVARD,NORTH BRUNSWICK,NJ,089022776,40.445601350000004,-74.48929600038443,9,0
756771e0-e3ec-3b6c-ba43-574e8d03ffda,9b5806c5-57c2-318f-a0a8-cb768bc6eef1,Mina319 Harber290,F,GENERAL PRACTICE,798 WILLOW GROVE ST,HACKETTSTOWN,NJ,078401718,40.869274,-74.81009,1,0
9cb28c56-14cd-3021-a261-b10b3d507a8f,1c827c6a-a08b-3de2-81ae-5d7afed9c10a,Gerardo48 Olvera69,M,GENERAL PRACTICE,14 WILLS WAY  BUILDING 5,Piscataway,NJ,08854,40.4993,-74.399,132,0
7a84ad9f-3182-3264-8f75-023b3097133e,214726ca-377d-378c-bb7c-55b606e291b6,Verdell500 Hammes673,F,GENERAL PRACTICE,1529 ROUTE 206,TABERNACLE,NJ,080888801,39.8440047,-74.7101587,28,0
f3448830-4319-34f8-b2b8-a7d2bc83b1dd,719f2504-dd03-3330-94ee-497fddfd20cc,Thanh759 Weber641,M,GENERAL PRACTICE,300 SECOND AVENUE,WEST LONG BRANCH,NJ,077641453,40.2903891,-74.0176381,11,0
9d07f10a-da09-3ec5-a08e-074d49cacd50,ccee278d-e24c-3923-b3ab-97c22b4d3d69,Trinidad33 King743,M,GENERAL PRACTICE,201 LYONS AVE,NEWARK,NJ,071122027,40.71027275,-74.21258456503452,778,0
49c1ebea-cc5b-37c3-b5f4-0390030a4924,d15c5f4e-d22f-3c48-804e-70579657a642,Owen89 Boehm581,M,GENERAL PRACTICE,186 PRINCETON HIGHTSTOWN RD BLDG 3B,WEST WINDSOR,NJ,085501668,40.295093949999995,-74.62587457073727,28,0
