"provider_id","provider_name","npi","dea","specialty_concept_id","care_site_id","year_of_birth","gender_concept_id","provider_source_value","specialty_source_value","specialty_source_concept_id","gender_source_value","gender_source_concept_id"
1,Moshe758 Tillman293,,,38004446,,,8507,a16d929e-b319-3ac6-9861-ceae217e187a,GENERAL PRACTICE,38004446,M,8507
2,Hyman89 Schmeler639,,,38004446,,,8507,"09e8ad43-806b-36cd-b26c-5def152c6429",GENERAL PRACTICE,38004446,M,8507
3,Jeremy766 Lind531,,,38004446,,,8507,"494d93bb-c62f-31a9-b650-a776a665d3e2",GENERAL PRACTICE,38004446,M,8507
4,Horacio317 McClure239,,,38004446,,,8507,e2b8dca9-96a8-3bd8-84ea-b6eea00cfc8f,GENERAL PRACTICE,38004446,M,8507
5,Lacy523 Lakin515,,,38004446,,,8507,ce9b800b-cda9-3510-9624-d28364615231,GENERAL PRACTICE,38004446,M,8507
6,Ernest565 Runte676,,,38004446,,,8507,a682ef62-006b-3b48-96d0-9760df1cdf7e,GENERAL PRACTICE,38004446,M,8507
7,Calista635 Runolfsson901,,,38004446,,,8532,d98374c8-2196-376e-8a43-ffbc556b2786,GENERAL PRACTICE,38004446,F,8532
8,Howard613 Williamson769,,,38004446,,,8507,ac6eb18e-9101-36b8-b45d-5524de48dc52,GENERAL PRACTICE,38004446,M,8507
9,Delorse592 Franecki195,,,38004446,,,8532,"83f90623-7a75-3bc2-9e9c-57c1ec94d82d",GENERAL PRACTICE,38004446,F,8532
10,Aron520 Feeney44,,,38004446,,,8507,"0bd71277-12c0-3f34-b6df-e94833112e5f",GENERAL PRACTICE,38004446,M,8507
11,Kenton313 Stoltenberg489,,,38004446,,,8507,eeb26aa7-c9d7-30a3-b268-905ab3e467a9,GENERAL PRACTICE,38004446,M,8507
12,Ricky354 Hyatt152,,,38004446,,,8507,a2c8e32d-b188-3f03-be0e-c336bb374d82,GENERAL PRACTICE,38004446,M,8507
13,Ted955 Reilly981,,,38004446,,,8507,"8a6f0f5f-90d4-3214-bd41-77e909b226e9",GENERAL PRACTICE,38004446,M,8507
14,Antwan357 Lindgren255,,,38004446,,,8507,"7ba1229e-9505-3028-8ba9-d5d3c3f8d1a0",GENERAL PRACTICE,38004446,M,8507
15,Shayla126 White193,,,38004446,,,8532,"730f44cb-e309-37f2-a552-18b2ca0b60c6",GENERAL PRACTICE,38004446,F,8532
16,Monroe732 Kling921,,,38004446,,,8507,"885fe29f-4e64-324b-9dfb-eb944fe9f24f",GENERAL PRACTICE,38004446,M,8507
17,Gabriel934 Kling921,,,38004446,,,8507,eb028c28-d3a7-3648-9773-eee6325f4828,GENERAL PRACTICE,38004446,M,8507
18,Norman647 Wilderman619,,,38004446,,,8507,faf9330f-2b75-3f7e-b0fe-821dbc59fcd7,GENERAL PRACTICE,38004446,M,8507
19,Lyman173 Kshlerin58,,,38004446,,,8507,c885d567-8420-39fd-b854-453389ead384,GENERAL PRACTICE,38004446,M,8507
20,Isaiah615 Trantow673,,,38004446,,,8507,"79ce01c1-4f05-304a-bcf8-38cd884d77e5",GENERAL PRACTICE,38004446,M,8507
21,Lynwood354 Tromp100,,,38004446,,,8507,"69752110-f15d-37e2-80ef-cea196e67b1f",GENERAL PRACTICE,38004446,M,8507
22,Steve819 Schoen8,,,38004446,,,8507,"69f2702b-cdd8-3cd7-9fae-5a975ed2e9fa",GENERAL PRACTICE,38004446,M,8507
23,Otilia736 Pfeffer420,,,38004446,,,8532,"3bc068d7-7824-3192-a4cd-e93babac9905",GENERAL PRACTICE,38004446,F,8532
24,Derick144 Ritchie586,,,38004446,,,8507,ef57418e-0268-3884-b2bf-77fb28779e15,GENERAL PRACTICE,38004446,M,8507
25,Chelsey293 Hoeger474,,,38004446,,,8532,"30c63706-43b7-3f29-923a-7031b2a73e34",GENERAL PRACTICE,38004446,F,8532
26,Mitchell808 Schroeder447,,,38004446,,,8507,"8b00e1ce-bf18-383b-b886-0f68836242fd",GENERAL PRACTICE,38004446,M,8507
27,Leatha675 Haag279,,,38004446,,,8532,"93431f57-7357-3947-ab8d-98d7b3e8f161",GENERAL PRACTICE,38004446,F,8532
28,Xochitl483 Haley279,,,38004446,,,8532,cfeb6de1-40be-3af1-961e-663190ab0f6e,GENERAL PRACTICE,38004446,F,8532
29,Johnny786 Howell947,,,38004446,,,8507,"8e9b2e98-07a9-3740-a272-9d146aef1213",GENERAL PRACTICE,38004446,M,8507
30,Daria61 Weber641,,,38004446,,,8532,"3a9f8585-f275-3816-9a25-f1fa00ff8505",GENERAL PRACTICE,38004446,F,8532
31,Valentine262 Leannon79,,,38004446,,,8507,e660fc18-2ced-3d3d-99e5-464cb842c492,GENERAL PRACTICE,38004446,M,8507
32,Noe500 Howe413,,,38004446,,,8507,"68001cc6-984a-3fe1-9f8d-c584d4fcd45f",GENERAL PRACTICE,38004446,M,8507
33,Twyla619 Lebsack687,,,38004446,,,8532,"5ca0faf6-276b-3bc8-98c4-421fbbe73e4e",GENERAL PRACTICE,38004446,F,8532
34,Clementine778 Jakubowski832,,,38004446,,,8532,c96c44d7-b4bf-33a7-b2a7-796f0a29f5f7,GENERAL PRACTICE,38004446,F,8532
35,Traci329 Block661,,,38004446,,,8532,"77575926-f3ef-37e7-9d87-6dbdabe46c2a",GENERAL PRACTICE,38004446,F,8532
36,David908 Mueller846,,,38004446,,,8507,"2110fc25-1641-319f-9866-a54c45b1926e",GENERAL PRACTICE,38004446,M,8507
37,Genaro214 Fay398,,,38004446,,,8507,"83611b15-8ba3-3178-9a8c-1d925492b77d",GENERAL PRACTICE,38004446,M,8507
38,Fae378 Wiza601,,,38004446,,,8532,"448844df-070f-3d8d-9552-22d65a3faeea",GENERAL PRACTICE,38004446,F,8532
39,Floy720 Greenfelder433,,,38004446,,,8532,"089acf5f-68a5-3537-b31e-7fee31cc7fd6",GENERAL PRACTICE,38004446,F,8532
40,Kraig824 Osinski784,,,38004446,,,8507,"66b37905-c92e-3d4a-b854-3c16c9bc1f84",GENERAL PRACTICE,38004446,M,8507
41,Zelma45 Langosh790,,,38004446,,,8532,fd253c5a-ba86-3f96-89db-847cf9f3f2a1,GENERAL PRACTICE,38004446,F,8532
42,Jacki842 Bode78,,,38004446,,,8532,"3300aa7d-353f-3b0f-a2d0-25a093772af1",GENERAL PRACTICE,38004446,F,8532
43,Echo53 Batz141,,,38004446,,,8532,"7a58f155-2c73-3865-ba94-8856955e914a",GENERAL PRACTICE,38004446,F,8532
44,Jaquelyn689 Bernier607,,,38004446,,,8532,"2432fdd6-313c-3105-aeaf-1d6c311fcc1c",GENERAL PRACTICE,38004446,F,8532
45,Demarcus108 Ferry570,,,38004446,,,8507,"90ddaf6a-da4a-3234-b9d9-6ff2bf967dd1",GENERAL PRACTICE,38004446,M,8507
46,Pilar644 Arreola736,,,38004446,,,8532,fdf67b11-574f-3024-ab5a-7e60d413ba7f,GENERAL PRACTICE,38004446,F,8532
47,Kirby843 Schowalter414,,,38004446,,,8507,ba8b072d-69c5-3290-bf25-50b2e4897ed6,GENERAL PRACTICE,38004446,M,8507
48,Kayla528 Klein929,,,38004446,,,8532,"19a343d7-bf87-39d3-b481-13a3fb961990",GENERAL PRACTICE,38004446,F,8532
49,Ahmed109 Feil794,,,38004446,,,8507,"08c55666-07f2-388b-a7c3-641abe2ac9d1",GENERAL PRACTICE,38004446,M,8507
50,Kent912 Crona259,,,38004446,,,8507,c86ae141-3144-3e5c-ac60-cbebef1bce07,GENERAL PRACTICE,38004446,M,8507
51,Alison204 Bailey598,,,38004446,,,8532,bdbc5a05-3c64-3594-b9a2-7d78a8e63e42,GENERAL PRACTICE,38004446,F,8532
52,Duane703 Koelpin146,,,38004446,,,8507,"77d8acfb-3549-3cf7-bf08-c68ae1f280da",GENERAL PRACTICE,38004446,M,8507
53,Rachael540 West559,,,38004446,,,8532,e1f1d74d-0969-340f-92a0-73c0080695ec,GENERAL PRACTICE,38004446,F,8532
54,Beverley336 Kreiger457,,,38004446,,,8532,"0ceeb126-2127-3820-bc2f-a8ec4486883b",GENERAL PRACTICE,38004446,F,8532
55,Laci507 O'Keefe54,,,38004446,,,8532,a83b33ed-ae57-3c6c-a256-e4ea545dca74,GENERAL PRACTICE,38004446,F,8532
56,Louvenia131 Stehr398,,,38004446,,,8532,fba5b58a-1c67-3d1a-a605-b1367ae2a700,GENERAL PRACTICE,38004446,F,8532
57,Neal874 Lesch175,,,38004446,,,8507,c6320258-c986-3f2c-89ba-1c24d6a6029e,GENERAL PRACTICE,38004446,M,8507
58,Cecil300 Fahey393,,,38004446,,,8507,"01efc70f-a62b-3ed2-9896-4ac21c4a5f08",GENERAL PRACTICE,38004446,M,8507
59,Guillermo498 Fay398,,,38004446,,,8507,"9028ee1f-6b8c-3317-b61b-8b64bb6bbcaf",GENERAL PRACTICE,38004446,M,8507
60,Fred155 Daniel959,,,38004446,,,8507,"946853e8-3168-3e7a-a6bd-e5db878381b7",GENERAL PRACTICE,38004446,M,8507
61,Curtis94 Lesch175,,,38004446,,,8507,"7eb88c13-0109-3ff7-b967-8f88e83d6850",GENERAL PRACTICE,38004446,M,8507
62,Loni302 Boehm581,,,38004446,,,8532,"1443364f-5c9d-352d-b546-6d26939de093",GENERAL PRACTICE,38004446,F,8532
63,Tamar361 Mante251,,,38004446,,,8532,ec3307d7-16b0-3c0f-be5d-b78cb461083a,GENERAL PRACTICE,38004446,F,8532
64,Tonja658 Goyette777,,,38004446,,,8532,c04e1c16-85d6-3e0c-a5cd-48c54be3cb70,GENERAL PRACTICE,38004446,F,8532
65,Willa615 Purdy2,,,38004446,,,8532,c75d81b5-e745-3aa5-bfe6-0a4174d61d53,GENERAL PRACTICE,38004446,F,8532
66,Delois358 Langosh790,,,38004446,,,8532,"949a9b16-ff00-3e42-a7c3-14f4b262ada6",GENERAL PRACTICE,38004446,F,8532
67,Jeannetta566 Reichel38,,,38004446,,,8532,cf4b551e-79f7-3038-a188-2e816a6bd68c,GENERAL PRACTICE,38004446,F,8532
68,Rosena550 Reinger292,,,38004446,,,8532,"889426e8-676b-3a16-8b30-979eef4acfb0",GENERAL PRACTICE,38004446,F,8532
69,Trinidad33 O'Reilly797,,,38004446,,,8507,b16a25fe-ba91-312a-8cd1-a7747e8b177f,GENERAL PRACTICE,38004446,M,8507
70,Mayola305 Grant908,,,38004446,,,8532,"9535ffc1-0950-3328-b930-f0772893468c",GENERAL PRACTICE,38004446,F,8532
71,Kelly223 Berge125,,,38004446,,,8507,"7065ec28-6a47-3d46-9bcb-ff363bdb5841",GENERAL PRACTICE,38004446,M,8507
72,Dee580 Trantow673,,,38004446,,,8532,b93dc422-cb0a-310e-9147-1f837bd910ae,GENERAL PRACTICE,38004446,F,8532
73,Burma963 Bins636,,,38004446,,,8532,"28055f0a-518c-3752-8c51-0a58eb5a2035",GENERAL PRACTICE,38004446,F,8532
74,Michele387 Halvorson124,,,38004446,,,8532,"69cbe19d-d84b-3c22-875e-a26ef8ebd750",GENERAL PRACTICE,38004446,F,8532
75,Tatyana394 Konopelski743,,,38004446,,,8532,"0cb737ac-ef47-3d31-aa5b-d46cc9d390f7",GENERAL PRACTICE,38004446,F,8532
76,Ivan258 McClure239,,,38004446,,,8507,"0830c95f-2b1d-3eac-be1b-5e30da8e027c",GENERAL PRACTICE,38004446,M,8507
77,Hung902 Anderson154,,,38004446,,,8507,"5907f4ab-4e9d-378b-8338-a351cd2a6105",GENERAL PRACTICE,38004446,M,8507
78,Alexia646 Runte676,,,38004446,,,8532,"047a3f6d-2bd5-374e-967b-68577cb7beea",GENERAL PRACTICE,38004446,F,8532
79,Guadalupe206 Legros616,,,38004446,,,8507,dde832fe-8067-3b13-8e61-9c02f22763c3,GENERAL PRACTICE,38004446,M,8507
80,Retta782 Fritsch593,,,38004446,,,8532,"15992e9f-005a-3529-88ba-f33ad799d989",GENERAL PRACTICE,38004446,F,8532
81,Ted955 Hudson301,,,38004446,,,8507,"178e8e0d-9461-3c28-986b-c7c024744a1f",GENERAL PRACTICE,38004446,M,8507
82,Jess275 Roberts511,,,38004446,,,8507,"6c0d3855-7f77-3738-b5e2-82c761bc395a",GENERAL PRACTICE,38004446,M,8507
83,Blythe746 Heller342,,,38004446,,,8532,"35b54d9f-9888-3352-9358-64551b487f15",GENERAL PRACTICE,38004446,F,8532
84,Wesley533 Gulgowski816,,,38004446,,,8507,"1a95e957-e124-36f9-9049-8936bff00d61",GENERAL PRACTICE,38004446,M,8507
85,Tracie996 Lesch175,,,38004446,,,8532,"3c19de0a-0e00-3e5f-9181-bf1952a7ae9b",GENERAL PRACTICE,38004446,F,8532
86,Herbert830 Bergstrom287,,,38004446,,,8507,"7f1407f2-b528-31fb-aa9c-8190367cc385",GENERAL PRACTICE,38004446,M,8507
87,Roberto515 Archuleta517,,,38004446,,,8507,b1eeeb0a-7fca-389d-81c3-8fa0600a57f3,GENERAL PRACTICE,38004446,M,8507
88,Florine959 Windler79,,,38004446,,,8532,e8b560fc-047d-33b5-bb20-34be85101b9a,GENERAL PRACTICE,38004446,F,8532
89,Alejandro916 Larson43,,,38004446,,,8507,ef2cfec3-5ed6-35a2-95fa-deed3fb18549,GENERAL PRACTICE,38004446,M,8507
90,Codi873 Bogisich202,,,38004446,,,8532,"574fcd51-e0ef-3dfe-9ce4-ea66970141f5",GENERAL PRACTICE,38004446,F,8532
91,Brittney657 Schmitt836,,,38004446,,,8532,c4a43bc8-8584-3295-be5c-728d18c69471,GENERAL PRACTICE,38004446,F,8532
92,Reynaldo722 Farrell962,,,38004446,,,8507,b7b45ec7-84a5-307d-97d0-ea5f6f3456a3,GENERAL PRACTICE,38004446,M,8507
93,Maryetta775 Bartell116,,,38004446,,,8532,"2a3c2404-3371-3667-8b67-2a6b04dbbd80",GENERAL PRACTICE,38004446,F,8532
94,Kyle55 Goyette777,,,38004446,,,8507,a4824c0d-71f2-3552-b42a-1ade951e1780,GENERAL PRACTICE,38004446,M,8507
95,Janey243 Wolff180,,,38004446,,,8532,da39dc7c-f3ae-3d98-a90e-1e8dcbfe2b43,GENERAL PRACTICE,38004446,F,8532
96,Cleotilde229 Mills423,,,38004446,,,8532,"0a585693-8cb0-33f4-af8c-5971b18c4d79",GENERAL PRACTICE,38004446,F,8532
97,Chet188 Ernser583,,,38004446,,,8507,a0d987fe-a21a-3ae9-a2fb-cf50cc7c54ba,GENERAL PRACTICE,38004446,M,8507
98,Christopher407 Fisher429,,,38004446,,,8507,fa690bac-63d7-3835-9930-cbff0b3980dd,GENERAL PRACTICE,38004446,M,8507
99,Cordell41 Bednar518,,,38004446,,,8507,a4348bbf-86d4-3500-9955-f3dd7ddf1f89,GENERAL PRACTICE,38004446,M,8507
100,Syreeta495 Miller503,,,38004446,,,8532,"7c64ab9e-eed4-3244-a6c0-cb9746284112",GENERAL PRACTICE,38004446,F,8532
101,Shirly501 Kuphal363,,,38004446,,,8532,c2aef7b5-aff6-3e35-897b-dcbcadc730eb,GENERAL PRACTICE,38004446,F,8532
102,Stuart913 Lynch190,,,38004446,,,8507,"6ed011c4-230c-3152-9151-f23bd263b516",GENERAL PRACTICE,38004446,M,8507
103,Bettye671 Kirlin939,,,38004446,,,8532,"591665aa-c135-3f95-b38c-7bb367caadf9",GENERAL PRACTICE,38004446,F,8532
104,Houston994 Breitenberg711,,,38004446,,,8507,abb96cfb-af8e-332f-a2a2-4cb59073dcc1,GENERAL PRACTICE,38004446,M,8507
105,Alfredia958 Boyer713,,,38004446,,,8532,"40e07176-6507-3ce7-b19f-b800d6a7214d",GENERAL PRACTICE,38004446,F,8532
106,Chet188 Rodriguez71,,,38004446,,,8507,"4bd7ab32-1e6a-36d8-8ad7-f8ef9c0da576",GENERAL PRACTICE,38004446,M,8507
107,Synthia172 Keebler762,,,38004446,,,8532,e8e0cf50-2963-35a3-87ab-0efaa429846d,GENERAL PRACTICE,38004446,F,8532
108,Arlene209 Olson653,,,38004446,,,8532,"5f3eead4-8b47-3c79-8317-ad154ecfeeb1",GENERAL PRACTICE,38004446,F,8532
109,Raymon366 Fadel536,,,38004446,,,8507,a3bb944a-5aae-3587-9496-ffd1d2c6b542,GENERAL PRACTICE,38004446,M,8507
110,Duncan491 White193,,,38004446,,,8507,"3cb4e9ca-1dca-3c39-b5e2-9e1809f7dfb7",GENERAL PRACTICE,38004446,M,8507
111,Domenic627 Corkery305,,,38004446,,,8507,"608cbae2-374e-390e-8d9c-931dd7aa7ae6",GENERAL PRACTICE,38004446,M,8507
112,Dewayne363 Romaguera67,,,38004446,,,8507,"1a205193-d883-3f36-aeac-23b5657d6289",GENERAL PRACTICE,38004446,M,8507
113,Gabriel934 Haag279,,,38004446,,,8507,"0c0a9d19-e8e6-3088-8f39-218bc2c204cd",GENERAL PRACTICE,38004446,M,8507
114,Walter473 Reichel38,,,38004446,,,8507,f24840b6-67e6-30d9-8be2-1542712f57ef,GENERAL PRACTICE,38004446,M,8507
115,Darren774 Cronin387,,,38004446,,,8507,f76aae64-43ac-378c-9a70-13733350a236,GENERAL PRACTICE,38004446,M,8507
116,Pamelia915 Zieme486,,,38004446,,,8532,a382ba3d-0e18-3eed-ac95-f1241f79e34b,GENERAL PRACTICE,38004446,F,8532
117,Elenora790 Bayer639,,,38004446,,,8532,f64c8a54-6c98-33e3-a21d-07a9ddae04bf,GENERAL PRACTICE,38004446,F,8532
118,Clair921 Little434,,,38004446,,,8507,"07aa0b4f-4e47-38c8-9aec-c69fe5884360",GENERAL PRACTICE,38004446,M,8507
119,Cordelia715 Bayer639,,,38004446,,,8532,f814009a-e58b-363a-ad03-1e554708f089,GENERAL PRACTICE,38004446,F,8532
120,Corey514 Boyle917,,,38004446,,,8507,"80432039-e8c4-34c3-9c31-5606493f98c5",GENERAL PRACTICE,38004446,M,8507
121,Winona266 Kuvalis369,,,38004446,,,8532,"909c87d3-0902-3e7d-a000-2e7edc80dd32",GENERAL PRACTICE,38004446,F,8532
122,Conchita9 Rippin620,,,38004446,,,8532,f495bf8b-5706-37b0-a92a-8e0321087ae5,GENERAL PRACTICE,38004446,F,8532
123,Leopoldo762 Kohler843,,,38004446,,,8507,d1691f90-7b94-397d-96a4-e5b6e34183b0,GENERAL PRACTICE,38004446,M,8507
124,Mickey576 Gerlach374,,,38004446,,,8507,"04a5791e-f2b2-3ac5-8dfc-8e02bebd5828",GENERAL PRACTICE,38004446,M,8507
125,Erich201 Christiansen251,,,38004446,,,8507,"5236c381-5b1c-3fc5-a475-4e7a39e8cbdf",GENERAL PRACTICE,38004446,M,8507
126,Wilbur107 Koelpin146,,,38004446,,,8507,"0483b0c1-2efe-3f82-8032-c645989abab2",GENERAL PRACTICE,38004446,M,8507
127,Mohammed454 Macejkovic424,,,38004446,,,8507,"12659d5a-562e-3aeb-8487-71afeee777c0",GENERAL PRACTICE,38004446,M,8507
128,Jesus702 Shields502,,,38004446,,,8507,"0f910d9a-12c1-3423-96ad-d41ec5a57bd5",GENERAL PRACTICE,38004446,M,8507
129,Numbers230 Waters156,,,38004446,,,8532,bc10cdf5-f6e4-31cc-89d8-e4f3d1839854,GENERAL PRACTICE,38004446,F,8532
130,Shawanna357 Roob72,,,38004446,,,8532,"0ae9d3cd-224c-3bf8-9532-b771a5d84293",GENERAL PRACTICE,38004446,F,8532
131,Sheldon401 Lehner980,,,38004446,,,8507,bb8261c5-df77-38ad-bd9e-1ef0b5cc2148,GENERAL PRACTICE,38004446,M,8507
132,Mao115 Trantow673,,,38004446,,,8532,"72f435aa-f05f-3b0d-a2de-e9195b5210f7",GENERAL PRACTICE,38004446,F,8532
133,Ardath226 Lindgren255,,,38004446,,,8532,"078ae27f-370c-3da8-8f17-a36f3f08fed0",GENERAL PRACTICE,38004446,F,8532
134,Major265 Hagenes547,,,38004446,,,8507,"48769f06-2db3-3253-8880-a47a5b592065",GENERAL PRACTICE,38004446,M,8507
135,Shenika151 Little434,,,38004446,,,8532,aa11e27a-576c-3f68-8830-a5cbab2f937f,GENERAL PRACTICE,38004446,F,8532
136,Bert917 Bednar518,,,38004446,,,8507,"3bb441cc-0502-319d-a33a-3e097e2e27d1",GENERAL PRACTICE,38004446,M,8507
137,Hank686 Kemmer137,,,38004446,,,8507,"73e2d184-0505-3d2a-acbc-d5adfdcff821",GENERAL PRACTICE,38004446,M,8507
138,Janay119 Daugherty69,,,38004446,,,8532,d9970abc-3038-3a3d-8cb3-baa8a098da4a,GENERAL PRACTICE,38004446,F,8532
139,Darlene91 Collier206,,,38004446,,,8532,"42ce8432-c027-39a3-9d86-b5ce9d54d471",GENERAL PRACTICE,38004446,F,8532
140,Phebe144 Braun514,,,38004446,,,8532,"934b6bb9-0c57-3671-ad13-f0839ce7c4bb",GENERAL PRACTICE,38004446,F,8532
141,Arden380 Bergstrom287,,,38004446,,,8507,"40d2d7f4-4be6-3408-bf09-8103737b0c94",GENERAL PRACTICE,38004446,M,8507
142,Tristan353 Baumbach677,,,38004446,,,8507,c81eb451-c945-3ad9-ab94-799656d7183b,GENERAL PRACTICE,38004446,M,8507
143,Man114 Zboncak558,,,38004446,,,8507,c82bdf69-38b3-392c-9c77-b1e31a0aa976,GENERAL PRACTICE,38004446,M,8507
144,Lino542 Feest103,,,38004446,,,8507,f80300ec-3554-32be-b41f-7a8d50a008c3,GENERAL PRACTICE,38004446,M,8507
145,Damien170 Williamson769,,,38004446,,,8507,e0759ada-5078-3def-9ecb-d1da633f001f,GENERAL PRACTICE,38004446,M,8507
146,Trinity427 Torp761,,,38004446,,,8532,"30402897-4afb-3192-b16d-5b5da4a3b0ac",GENERAL PRACTICE,38004446,F,8532
147,Kirk871 Erdman779,,,38004446,,,8507,"129e1513-e75f-3ab7-9f29-6dfbd8492921",GENERAL PRACTICE,38004446,M,8507
148,Jolyn4 Borer986,,,38004446,,,8532,e1c9eb19-d7eb-37b1-9612-4a84443a0a60,GENERAL PRACTICE,38004446,F,8532
149,Gilda31 Bradtke547,,,38004446,,,8532,"858d7663-95f1-32f2-b36e-9e41cc557f73",GENERAL PRACTICE,38004446,F,8532
150,Lora418 Barrows492,,,38004446,,,8532,"1675ed2b-6200-375d-a1c5-af86c59ba21c",GENERAL PRACTICE,38004446,F,8532
151,Tyron580 Mayert710,,,38004446,,,8507,"06ab2d5d-4322-3fb7-a50c-c69c6eec7630",GENERAL PRACTICE,38004446,M,8507
152,Chasidy481 Schoen8,,,38004446,,,8532,"1ae8bccd-d413-3f6d-bcc9-2b4e84447094",GENERAL PRACTICE,38004446,F,8532
153,Shelby741 Treutel973,,,38004446,,,8507,f83c3712-835a-36a3-82a9-1b15d6438121,GENERAL PRACTICE,38004446,M,8507
154,Rhett759 Padberg411,,,38004446,,,8507,"404326d2-ee02-38a0-911c-2944f1f7af3f",GENERAL PRACTICE,38004446,M,8507
155,Tyler508 Howe413,,,38004446,,,8507,b056b70f-4564-3170-b4ed-4a84f1797a55,GENERAL PRACTICE,38004446,M,8507
156,Cleveland582 Kuphal363,,,38004446,,,8507,"4cb54471-b88c-3748-b843-746d080fa0e7",GENERAL PRACTICE,38004446,M,8507
157,Junior695 Pacocha935,,,38004446,,,8507,"08441c36-e3ea-3a47-8831-9a7bc23f1bb9",GENERAL PRACTICE,38004446,M,8507
158,Cameron381 Reinger292,,,38004446,,,8532,a8b1e526-1255-3d48-b9d1-28c20d85333f,GENERAL PRACTICE,38004446,F,8532
159,Dan465 Fahey393,,,38004446,,,8507,c89e233d-e693-3f00-8963-934d8d4947c5,GENERAL PRACTICE,38004446,M,8507
160,Will178 Connelly992,,,38004446,,,8507,"3fc951e8-77e1-3f8a-ad65-d8d9847b85d9",GENERAL PRACTICE,38004446,M,8507
161,Lindsay928 Ward668,,,38004446,,,8507,"2f02027e-ae4a-3b12-b803-04ec79ee0c70",GENERAL PRACTICE,38004446,M,8507
162,Terese90 Swift555,,,38004446,,,8532,"4abdfb02-d3ff-3097-a1b1-68048e12e6c2",GENERAL PRACTICE,38004446,F,8532
163,Derick144 King743,,,38004446,,,8507,a436ac1d-50e0-3f0c-a4ac-f7b05e264720,GENERAL PRACTICE,38004446,M,8507
164,Bea654 Schiller186,,,38004446,,,8532,"0534c366-44d3-3e52-881c-a82580da85c0",GENERAL PRACTICE,38004446,F,8532
165,Armida530 Nitzsche158,,,38004446,,,8532,"9d175939-6bd6-34d8-885a-7d5ef6e637eb",GENERAL PRACTICE,38004446,F,8532
166,Jeannette562 Dare640,,,38004446,,,8532,a23e2e6c-f757-35f4-b4d4-bc5e4d4e3e55,GENERAL PRACTICE,38004446,F,8532
167,Shakita329 Franecki195,,,38004446,,,8532,"89a998fe-0f29-3947-8384-47f119e4a21d",GENERAL PRACTICE,38004446,F,8532
168,Dorris197 Rolfson709,,,38004446,,,8532,"2024e201-ba4a-32ef-9dc4-cdce2fa2ab8d",GENERAL PRACTICE,38004446,F,8532
169,Dante562 Ruecker817,,,38004446,,,8507,"284523ce-6d53-3a0a-8ef2-2000b663e67d",GENERAL PRACTICE,38004446,M,8507
170,Stephen891 Farrell962,,,38004446,,,8532,f5078526-efeb-32c1-b908-b8015c7b9c9d,GENERAL PRACTICE,38004446,F,8532
171,Natividad796 Renner328,,,38004446,,,8532,a7d86a32-b788-3a34-815f-737814045145,GENERAL PRACTICE,38004446,F,8532
172,Azzie965 Ziemann98,,,38004446,,,8532,"905e71d7-c0f2-328c-80d3-cbe6b544ae65",GENERAL PRACTICE,38004446,F,8532
173,Karlene380 O'Keefe54,,,38004446,,,8532,"1f43c79b-eae2-31b3-a351-5dab9a502ff6",GENERAL PRACTICE,38004446,F,8532
174,Dortha70 Hoppe518,,,38004446,,,8532,"89a4f076-c3b5-37c9-8e2d-241043afaab8",GENERAL PRACTICE,38004446,F,8532
175,Aleen595 Lueilwitz711,,,38004446,,,8532,"22c315a8-1aeb-35ab-9e19-9abf241524e3",GENERAL PRACTICE,38004446,F,8532
176,Ossie995 Dooley940,,,38004446,,,8532,edd2ab7b-3cee-3632-8755-67c5c2612db4,GENERAL PRACTICE,38004446,F,8532
177,Danita413 Becker968,,,38004446,,,8532,d78c41f8-7d99-3536-b400-6bf8271b55b1,GENERAL PRACTICE,38004446,F,8532
178,Prince887 Mraz590,,,38004446,,,8507,"6a92e5ef-f621-3ee5-ae15-2f265b7e5354",GENERAL PRACTICE,38004446,M,8507
179,Edwardo860 Larson43,,,38004446,,,8507,"26c5799a-663d-3583-9d2a-6411b00d7060",GENERAL PRACTICE,38004446,M,8507
180,Al123 Beer512,,,38004446,,,8507,"46b864c3-9585-36ba-b2cc-9220f2171aa5",GENERAL PRACTICE,38004446,M,8507
181,Joel444 Bins636,,,38004446,,,8507,"4de154d0-04d1-3d15-9c59-87b28c6edd73",GENERAL PRACTICE,38004446,M,8507
182,Lance203 Runte676,,,38004446,,,8507,df030f3b-6ff3-37fc-97db-a2a845cad74d,GENERAL PRACTICE,38004446,M,8507
183,Reggie481 Nolan344,,,38004446,,,8507,"6254dc3f-3148-3c06-94bb-ea782f3d6adc",GENERAL PRACTICE,38004446,M,8507
184,Ling534 Stark857,,,38004446,,,8532,"93ad86f2-82ab-3b0d-9d3a-28fcf8d79055",GENERAL PRACTICE,38004446,F,8532
185,Rosemarie149 Gutmann970,,,38004446,,,8532,"613d8c0f-3272-3ea9-8434-b8ad6642e4d4",GENERAL PRACTICE,38004446,F,8532
186,Ronni748 Harris789,,,38004446,,,8532,"0255bdd4-28c4-3b44-8088-7ee7fce22fe2",GENERAL PRACTICE,38004446,F,8532
187,Odilia72 Mraz590,,,38004446,,,8532,c8187315-23b5-3918-a388-247eeacdeac2,GENERAL PRACTICE,38004446,F,8532
188,Lavon272 Erdman779,,,38004446,,,8532,"5c3de4a7-e66a-3ad7-a2a5-6604362b7fbf",GENERAL PRACTICE,38004446,F,8532
189,Jasper743 Champlin946,,,38004446,,,8507,b7974718-29c9-307c-a7eb-b17f7961f364,GENERAL PRACTICE,38004446,M,8507
190,Ellis535 Schoen8,,,38004446,,,8532,"25119083-4089-37c5-a730-389449a889f9",GENERAL PRACTICE,38004446,F,8532
191,Jae222 Windler79,,,38004446,,,8532,"4f3916a5-4ca7-39a3-9b56-396f2f959a9f",GENERAL PRACTICE,38004446,F,8532
192,Ricky354 Little434,,,38004446,,,8507,b62d5c53-339c-34bc-aa17-bb0ca789cbd3,GENERAL PRACTICE,38004446,M,8507
193,Francis500 Mann644,,,38004446,,,8507,"65a0c9ca-0307-3e29-bad1-9920ae4421da",GENERAL PRACTICE,38004446,M,8507
194,Noe500 Ferry570,,,38004446,,,8507,"2dbafd02-b590-31f8-91c6-bbeeef996bc1",GENERAL PRACTICE,38004446,M,8507
195,Sam879 Rippin620,,,38004446,,,8532,fb5b0262-be4c-3636-b536-0e9326256f47,GENERAL PRACTICE,38004446,F,8532
196,Ronald408 Emard19,,,38004446,,,8532,c15f4c90-3cc5-3c03-af6d-64b5edd15d89,GENERAL PRACTICE,38004446,F,8532
197,Kala987 Wolf938,,,38004446,,,8532,b95e3bf5-4c9d-3ce8-b494-4136cf069e55,GENERAL PRACTICE,38004446,F,8532
198,Jettie913 Rodriguez71,,,38004446,,,8532,e749b40e-90d1-3c77-9b1c-f16d4cc8b38a,GENERAL PRACTICE,38004446,F,8532
199,Ellsworth48 Towne435,,,38004446,,,8507,"13c9acf5-011f-3f44-9ff4-ad5091d784ae",GENERAL PRACTICE,38004446,M,8507
200,Eugenio846 Rau926,,,38004446,,,8507,"9e9eda77-0cff-39d7-8409-d9d1adf82502",GENERAL PRACTICE,38004446,M,8507
201,Andy346 Zemlak964,,,38004446,,,8507,"25d02271-144a-3cf9-95d7-15a9008175b1",GENERAL PRACTICE,38004446,M,8507
202,Ross213 Schuster709,,,38004446,,,8507,f99aee0c-356d-3f46-9255-af63491f0d2a,GENERAL PRACTICE,38004446,M,8507
203,Ricky354 Renner328,,,38004446,,,8507,"938c1e6b-7d90-3ec0-9f09-9dda45c64377",GENERAL PRACTICE,38004446,M,8507
204,Bernardo699 Lehner980,,,38004446,,,8507,"6293771b-cff8-326e-9893-f1c43b7cd63f",GENERAL PRACTICE,38004446,M,8507
205,Yee761 Abshire638,,,38004446,,,8532,"99656f8c-001e-37df-a526-657a290030ab",GENERAL PRACTICE,38004446,F,8532
206,Danille883 Witting912,,,38004446,,,8532,"8236c0b4-e7ba-3fa8-b3d7-52fb6345e2f9",GENERAL PRACTICE,38004446,F,8532
207,Donny470 Predovic534,,,38004446,,,8507,"9feb31f9-f4a2-32f7-aca6-be3a071cdebf",GENERAL PRACTICE,38004446,M,8507
208,Misti388 Funk324,,,38004446,,,8532,daf94fcd-c460-32d0-8cec-d400a68972b6,GENERAL PRACTICE,38004446,F,8532
209,Alphonso102 Schowalter414,,,38004446,,,8507,"52f030cb-05a2-312d-b192-74779aa77879",GENERAL PRACTICE,38004446,M,8507
210,Milda157 Schoen8,,,38004446,,,8532,d93063fe-d732-3b3f-8e2f-6871be7c1ac5,GENERAL PRACTICE,38004446,F,8532
211,Alyce744 Mills423,,,38004446,,,8532,db3a5dfc-d0ac-302a-a753-ac3f6a39ce75,GENERAL PRACTICE,38004446,F,8532
212,Sherice231 Yundt842,,,38004446,,,8532,f56dc194-d1c5-3896-8455-35932cbb0278,GENERAL PRACTICE,38004446,F,8532
213,Grover559 Rath779,,,38004446,,,8507,eb2ab12c-3093-38f7-808c-9ba99e8b1d40,GENERAL PRACTICE,38004446,M,8507
214,Mira443 Maggio310,,,38004446,,,8532,"55125e95-4e97-3fe9-b88e-4974a79eef8f",GENERAL PRACTICE,38004446,F,8532
215,Efren426 Nicolas769,,,38004446,,,8507,"34b2b166-28f9-3b3e-8027-974296b618f0",GENERAL PRACTICE,38004446,M,8507
216,Yessenia339 Romaguera67,,,38004446,,,8532,f32c845b-10e9-3e0e-a0cb-edb6f8ed2847,GENERAL PRACTICE,38004446,F,8532
217,Seth414 McCullough561,,,38004446,,,8507,"8cef4036-2986-3575-b57b-9a949a433cf7",GENERAL PRACTICE,38004446,M,8507
218,Cindie288 Zulauf375,,,38004446,,,8532,"08ddf259-8569-31ba-9ac2-234451e49ace",GENERAL PRACTICE,38004446,F,8532
219,Marilu588 Negrón227,,,38004446,,,8532,"45740bb9-ff8a-33dc-8fd1-f75de70043a6",GENERAL PRACTICE,38004446,F,8532
220,Zachery872 Pagac496,,,38004446,,,8507,"197b0a68-6117-37c6-9df0-275ba0bf9ba1",GENERAL PRACTICE,38004446,M,8507
221,Prince887 Pouros728,,,38004446,,,8507,e3fca853-0ca9-364a-93bc-f0ecbafffc00,GENERAL PRACTICE,38004446,M,8507
222,Tyson541 Jacobi462,,,38004446,,,8507,"5e4ca85d-6263-3b37-a026-07d35cced5be",GENERAL PRACTICE,38004446,M,8507
223,Karoline975 Bartoletti50,,,38004446,,,8532,b48fc290-002d-3c2b-a5e1-458fe2abd16b,GENERAL PRACTICE,38004446,F,8532
224,Emanuel231 Wyman904,,,38004446,,,8507,"5b3f765e-813a-39db-ac09-64fcfc33d1f7",GENERAL PRACTICE,38004446,M,8507
225,Tomika243 Deckow585,,,38004446,,,8532,"60dc1b33-c823-3f45-9ace-6df11deee2aa",GENERAL PRACTICE,38004446,F,8532
226,Jada948 Towne435,,,38004446,,,8532,e56f94be-74af-3746-b7d0-b7b01fc8efc5,GENERAL PRACTICE,38004446,F,8532
227,Zackary401 Mohr916,,,38004446,,,8507,"367bad7a-ea53-3ad8-af6b-26f2ad6e92ec",GENERAL PRACTICE,38004446,M,8507
228,Elly836 Wolff180,,,38004446,,,8532,da6e1bc9-3e59-3497-a08c-e9e87cbe0c25,GENERAL PRACTICE,38004446,F,8532
229,Kendrick479 Bartoletti50,,,38004446,,,8507,"96440b00-d56b-35a2-b13f-a6cb51c22edb",GENERAL PRACTICE,38004446,M,8507
230,Emilio417 Barton704,,,38004446,,,8507,"0e21cc31-32ce-39d2-8ce7-c5243204ebeb",GENERAL PRACTICE,38004446,M,8507
231,Keturah238 Kshlerin58,,,38004446,,,8532,"54a8c5f5-b706-3498-ae66-c7499028d7fe",GENERAL PRACTICE,38004446,F,8532
232,Rigoberto443 Hane680,,,38004446,,,8507,"1e65e6dd-bd43-3c58-8465-08dd5b843851",GENERAL PRACTICE,38004446,M,8507
233,Paul232 Daugherty69,,,38004446,,,8507,"687581c4-b5c4-31bc-8d64-91a0fc9f6ac1",GENERAL PRACTICE,38004446,M,8507
234,Nathanael908 Rogahn59,,,38004446,,,8507,c01bbc9e-bc67-3603-8ab6-ac542d434933,GENERAL PRACTICE,38004446,M,8507
235,Erick204 Mayer370,,,38004446,,,8507,"9c733ea7-f11f-3f21-8fc3-f72a22861893",GENERAL PRACTICE,38004446,M,8507
236,Carylon722 Metz686,,,38004446,,,8532,f44ca4ef-6210-3b37-b77d-d7b3b3c74ea8,GENERAL PRACTICE,38004446,F,8532
237,Fletcher87 Koss676,,,38004446,,,8507,"5358c987-3516-3480-8aa3-170127a508bd",GENERAL PRACTICE,38004446,M,8507
238,Blair400 Muller251,,,38004446,,,8507,"50c40bb3-1540-3d43-b40c-20acaf1bec95",GENERAL PRACTICE,38004446,M,8507
239,Joaquin141 Schneider199,,,38004446,,,8507,f5ff16f6-70c5-3e2a-a49c-533a46685403,GENERAL PRACTICE,38004446,M,8507
240,Gaylord332 Gutkowski940,,,38004446,,,8507,f3bc04d8-1afb-3da9-9672-1a4903893357,GENERAL PRACTICE,38004446,M,8507
241,Era940 Roberts511,,,38004446,,,8532,"757f77f8-bbd5-3c6f-ba38-d60a866a7e37",GENERAL PRACTICE,38004446,F,8532
242,Dominique369 Johnston597,,,38004446,,,8507,"0cace9a2-4c1d-358c-91b4-5ee5fe8ef378",GENERAL PRACTICE,38004446,M,8507
243,Normand813 Bartell116,,,38004446,,,8507,a137d3a1-03f9-3c2f-ac55-1c154f0a2d12,GENERAL PRACTICE,38004446,M,8507
244,Malinda718 Kshlerin58,,,38004446,,,8532,"9865f871-b4a7-377a-8272-342f5ae3e9f1",GENERAL PRACTICE,38004446,F,8532
245,Chiquita638 Kuhlman484,,,38004446,,,8532,c3248d8f-bfef-3150-995b-3835e4bf0a6a,GENERAL PRACTICE,38004446,F,8532
246,Jose871 Dicki44,,,38004446,,,8507,"71313ed8-be6d-355e-8262-024d28fb4365",GENERAL PRACTICE,38004446,M,8507
247,Shay725 Tillman293,,,38004446,,,8532,"5ff29591-3cc7-3651-be7c-1c4ba2d16fdf",GENERAL PRACTICE,38004446,F,8532
248,Ozzie259 Hackett68,,,38004446,,,8507,"0b3f2c6a-370a-3630-96d1-c5ed8a90c7a4",GENERAL PRACTICE,38004446,M,8507
249,Del587 Osinski784,,,38004446,,,8507,e580ac3d-7fce-3442-8781-d1108c866ab7,GENERAL PRACTICE,38004446,M,8507
250,Burt293 Berge125,,,38004446,,,8507,cead38ae-2f6f-3f4f-ab90-d3ef18c96d04,GENERAL PRACTICE,38004446,M,8507
251,Chanell45 Robel940,,,38004446,,,8532,"00124bf2-557e-378b-8aa9-90a1386951a8",GENERAL PRACTICE,38004446,F,8532
252,Domenic627 Blick895,,,38004446,,,8507,"4ee46452-2b17-3874-8932-9cf52b3c0a81",GENERAL PRACTICE,38004446,M,8507
253,Hildegarde627 Johns824,,,38004446,,,8532,"4b1c36af-e38c-328b-8d5a-5827a40510d0",GENERAL PRACTICE,38004446,F,8532
254,Adell482 Deckow585,,,38004446,,,8532,"51111197-1e68-3b43-b92a-d31f4f4092b7",GENERAL PRACTICE,38004446,F,8532
255,Theodore876 Ankunding277,,,38004446,,,8507,"774c6d06-a497-3167-ab3f-fabdb6ac30b7",GENERAL PRACTICE,38004446,M,8507
256,Jammie261 Hahn503,,,38004446,,,8532,"17d6c36e-2a58-36d6-9aa4-fa81cfc808f2",GENERAL PRACTICE,38004446,F,8532
257,Deandre599 Schultz619,,,38004446,,,8507,d4e16bc3-eafb-3b77-9b7a-463426e78f07,GENERAL PRACTICE,38004446,M,8507
258,Ferdinand55 Haag279,,,38004446,,,8507,"6989ba62-84f9-3f0c-a93e-ad5efdbf550c",GENERAL PRACTICE,38004446,M,8507
259,Jennefer743 Hagenes547,,,38004446,,,8532,"22775686-b0e9-31f6-bd46-35f6a035e3a4",GENERAL PRACTICE,38004446,F,8532
260,Neville893 Thompson596,,,38004446,,,8507,"84452467-9732-34f0-a4f3-a2a3807386a1",GENERAL PRACTICE,38004446,M,8507
261,Dominic463 Rogahn59,,,38004446,,,8507,e1b5802d-599e-3d07-b8db-afdf8cfce800,GENERAL PRACTICE,38004446,M,8507
262,Ewa95 Schumm995,,,38004446,,,8532,ce17b379-2a1b-3084-baf9-a9a9a904c6e9,GENERAL PRACTICE,38004446,F,8532
263,Athena83 Wiza601,,,38004446,,,8532,f0bc6e2c-d607-3c02-96e2-0637a271a1fa,GENERAL PRACTICE,38004446,F,8532
264,Lowell343 Heaney114,,,38004446,,,8507,"12c98d9e-653a-308f-a06c-97655c43a192",GENERAL PRACTICE,38004446,M,8507
265,Sherman440 Wunsch504,,,38004446,,,8507,e2ecd38e-564b-3388-bc8a-3ae170c6918a,GENERAL PRACTICE,38004446,M,8507
266,Valentine262 Corwin846,,,38004446,,,8507,d9b53f0d-d6f9-38d5-80ba-465d3d6250c2,GENERAL PRACTICE,38004446,M,8507
267,Meryl421 Padberg411,,,38004446,,,8532,"54809990-bc1b-3b95-8df0-4b14a45353c9",GENERAL PRACTICE,38004446,F,8532
268,Maggie320 Eichmann909,,,38004446,,,8532,"44da0e0b-f444-31b3-9d85-a2fe89f5a2c7",GENERAL PRACTICE,38004446,F,8532
269,Jannet618 Buckridge80,,,38004446,,,8532,"62acd961-70b1-3e7f-bd05-729ee8c771b4",GENERAL PRACTICE,38004446,F,8532
270,Zackary401 Kunze215,,,38004446,,,8507,a7e54765-9f56-357b-ad1e-f93844126e38,GENERAL PRACTICE,38004446,M,8507
271,Lucas404 Nitzsche158,,,38004446,,,8507,"3c1714d2-00fb-3083-9c6b-287a0952d0fd",GENERAL PRACTICE,38004446,M,8507
272,Dale454 Schmitt836,,,38004446,,,8507,fe89662d-de8e-3a62-8fab-1effbec447d4,GENERAL PRACTICE,38004446,M,8507
273,Minh326 Smitham825,,,38004446,,,8507,e48b2e3b-f94b-3115-803a-4fbbc007ff46,GENERAL PRACTICE,38004446,M,8507
274,Sona831 Murphy561,,,38004446,,,8532,"9c0c9e98-ad1c-3126-b00e-38d4fbc7804b",GENERAL PRACTICE,38004446,F,8532
275,Ross213 Wisozk929,,,38004446,,,8507,c840d429-7523-3b3e-b1b4-115f5e768cf1,GENERAL PRACTICE,38004446,M,8507
276,Numbers230 Stehr398,,,38004446,,,8507,ae454e94-649d-3b9b-8393-ca5f6475ef84,GENERAL PRACTICE,38004446,M,8507
277,Trent525 Krajcik437,,,38004446,,,8507,"34d8e3f0-a0d6-3031-bc48-447794163a20",GENERAL PRACTICE,38004446,M,8507
278,Georgetta870 Turner526,,,38004446,,,8532,"6bb4c246-a0d0-3e26-a40e-0bacf77cdb09",GENERAL PRACTICE,38004446,F,8532
279,Iraida50 Boehm581,,,38004446,,,8532,"29016517-52b5-3ff2-a56f-653450184d7d",GENERAL PRACTICE,38004446,F,8532
280,Vida128 Kohler843,,,38004446,,,8532,d6b4cb19-952f-3a99-bed3-5c4f5d958b92,GENERAL PRACTICE,38004446,F,8532
281,Amparo58 Osinski784,,,38004446,,,8532,"2e6eed9b-f2cd-3ca8-ac6c-b952d87412e7",GENERAL PRACTICE,38004446,F,8532
282,Liane379 Kunze215,,,38004446,,,8532,"8bfa9b6b-d841-306a-abdf-ad0a518367c0",GENERAL PRACTICE,38004446,F,8532
283,Trinidad33 Ratke343,,,38004446,,,8532,"6730dbb5-d4cc-33b3-b5c2-d879a4ce6963",GENERAL PRACTICE,38004446,F,8532
284,Harley673 McKenzie376,,,38004446,,,8507,"921ab68a-b610-3438-a7ab-577d2edf58e9",GENERAL PRACTICE,38004446,M,8507
285,Buford910 Dach178,,,38004446,,,8507,"8d5bf37a-de9b-33c8-b76c-531dc0170fff",GENERAL PRACTICE,38004446,M,8507
286,Hellen346 Roberts511,,,38004446,,,8532,ad771a4f-7a44-3199-a557-3275973d4c9c,GENERAL PRACTICE,38004446,F,8532
287,Justin359 Farrell962,,,38004446,,,8507,"11493cd3-be70-3147-aa5d-252d3d80d8b8",GENERAL PRACTICE,38004446,M,8507
288,Rita460 Skiles927,,,38004446,,,8532,"1a92fc86-9ed4-3e14-83e3-6ce5f9d4a128",GENERAL PRACTICE,38004446,F,8532
289,Rachele486 Nikolaus26,,,38004446,,,8532,"60527707-a1ed-3a20-9ad4-7366ab377580",GENERAL PRACTICE,38004446,F,8532
290,Alejandra902 Thompson596,,,38004446,,,8532,"844e5ddd-0ba4-3e8f-b3ec-3cfbe2c55452",GENERAL PRACTICE,38004446,F,8532
291,Phillip440 Nolan344,,,38004446,,,8507,f13fc96e-5e83-30b6-a6bf-778fe2092a67,GENERAL PRACTICE,38004446,M,8507
292,Damion480 Denesik803,,,38004446,,,8507,"6de84ea9-177b-36c5-9570-fa773513c291",GENERAL PRACTICE,38004446,M,8507
293,Brain142 Bernhard322,,,38004446,,,8507,"36a1fa5b-15ad-3be7-8121-10cf75cf36f2",GENERAL PRACTICE,38004446,M,8507
294,Will178 Wilkinson796,,,38004446,,,8507,"11673f1f-5298-3e75-9582-fc30b8bbe44b",GENERAL PRACTICE,38004446,M,8507
295,Deandre599 Windler79,,,38004446,,,8507,"17caec28-0299-38d6-999f-4b9f8c98981a",GENERAL PRACTICE,38004446,M,8507
296,Dominique369 Heathcote539,,,38004446,,,8507,"7dca60d0-5e5f-3026-92ba-11047b91b397",GENERAL PRACTICE,38004446,M,8507
297,Paz9 Gerlach374,,,38004446,,,8532,"06b2ae2f-b212-394d-a9f5-d246dc9a2761",GENERAL PRACTICE,38004446,F,8532
298,Nicky270 Ritchie586,,,38004446,,,8532,c40a8088-cca0-365a-ae19-efc7f3fb9d09,GENERAL PRACTICE,38004446,F,8532
299,Marilu588 Ávalos396,,,38004446,,,8532,be9db2d6-04ba-3fbe-af6d-e096a87e8c0e,GENERAL PRACTICE,38004446,F,8532
300,Lyman173 Kilback373,,,38004446,,,8507,"9d3c0f16-8379-331c-bf42-a5bf1c24f7b0",GENERAL PRACTICE,38004446,M,8507
301,Freeman822 Ortiz186,,,38004446,,,8507,"0de74da4-f8d3-346d-b4b8-e8cab6ec2ec5",GENERAL PRACTICE,38004446,M,8507
302,Cristobal567 Amador986,,,38004446,,,8507,"98be2407-1f10-3be6-afac-8eed65ee43db",GENERAL PRACTICE,38004446,M,8507
303,Hal307 Wiegand701,,,38004446,,,8507,"7b688d29-c454-3870-b9f4-238ee4d27a58",GENERAL PRACTICE,38004446,M,8507
304,Ashley34 Schneider199,,,38004446,,,8507,e36e1827-ed8b-3dbd-a40d-5afe4ee2c491,GENERAL PRACTICE,38004446,M,8507
305,Mickey576 Johnston597,,,38004446,,,8532,c3038b8f-6f9b-3c80-92c2-0929d2554974,GENERAL PRACTICE,38004446,F,8532
306,Felton646 Farrell962,,,38004446,,,8507,"3f6565af-0bd0-38fd-8a17-cfa45ff5b621",GENERAL PRACTICE,38004446,M,8507
307,Luther918 Rippin620,,,38004446,,,8507,"5debae9c-4685-390f-b633-d25df026f969",GENERAL PRACTICE,38004446,M,8507
308,Gail741 Romaguera67,,,38004446,,,8507,"4abac373-a50b-3974-ba2b-0f2a9175c29c",GENERAL PRACTICE,38004446,M,8507
309,Crystle668 McCullough561,,,38004446,,,8532,"92045a63-d75b-31c7-b326-9158c7e04965",GENERAL PRACTICE,38004446,F,8532
310,Pearlene638 Towne435,,,38004446,,,8532,"2e1e1757-e4b1-3b45-a835-cf528841bf86",GENERAL PRACTICE,38004446,F,8532
311,Gina573 Kautzer186,,,38004446,,,8532,ff770012-e690-344a-ab83-4be6230c2ef8,GENERAL PRACTICE,38004446,F,8532
312,Tyree261 Swaniawski813,,,38004446,,,8507,ddb4f089-5149-32e3-9dbe-744aac29390c,GENERAL PRACTICE,38004446,M,8507
313,Millicent213 Stamm704,,,38004446,,,8532,"820be2b6-e7ca-3833-9e8c-52c10e15266c",GENERAL PRACTICE,38004446,F,8532
314,Douglas31 Kuhlman484,,,38004446,,,8507,"8ade8174-90f6-310d-98b8-ba3273009d29",GENERAL PRACTICE,38004446,M,8507
